item,direction,source_image,model
S01,B2A,ed0ddbf26a.jpg,chaitanya_submitted
S02,B2A,19b944dbbf.jpg,chaitanya_submitted
S03,B2A,7913d3ab4b.jpg,chaitanya_submitted
S04,A2B,118da0690c.jpg,chaitanya_submitted
S05,B2A,ca62c55ebe.jpg,chaitanya_submitted
S06,A2B,4260d1c556.jpg,chaitanya_submitted
S07,B2A,08b790bca7.jpg,chaitanya_submitted
S08,B2A,db59f96bfc.jpg,chaitanya_submitted
S09,B2A,37c5732454.jpg,chaitanya_submitted
S10,B2A,afb5f05573.jpg,chaitanya_submitted
S11,B2A,f6e8f07d9d.jpg,chaitanya_submitted
S12,B2A,816941fe05.jpg,chaitanya_submitted
S13,B2A,c8c45ad5f1.jpg,chaitanya_submitted
S14,A2B,f84fb4516a.jpg,chaitanya_submitted
S15,B2A,a283654df3.jpg,chaitanya_submitted
S16,B2A,2a4edec63e.jpg,chaitanya_submitted
S17,A2B,d1d9748a64.jpg,chaitanya_submitted
S18,A2B,732d76a469.jpg,chaitanya_submitted
S19,A2B,28deb43a71.jpg,chaitanya_submitted
S20,B2A,a01ee31b6c.jpg,chaitanya_submitted
S21,B2A,15a51e4dbe.jpg,chaitanya_submitted
S22,B2A,1f63ea8e1d.jpg,chaitanya_submitted
S23,A2B,4e05523825.jpg,chaitanya_submitted
S24,A2B,586acab7c5.jpg,chaitanya_submitted
S25,B2A,10e79c0f04.jpg,chaitanya_submitted
S26,A2B,6f0b9df5c5.jpg,chaitanya_submitted
S27,B2A,6edee61a9e.jpg,chaitanya_submitted
S28,B2A,99fcebb45b.jpg,chaitanya_submitted
S29,A2B,8b7948248f.jpg,chaitanya_submitted
S30,B2A,1d3fb25bad.jpg,chaitanya_submitted
