n,category,hf_index,label,pred,prob_pos,slices,text,cleaned_tokens
1,Confident FP,20190,0,1,0.9968784,long (>180 words); no strong polarity words,"Bon. On nous a dit que l'endroit \u00e9tait adapt\u00e9 pour les grands groupes, alors pour la f\u00eate d'une amie on se retrouve environ une vingtaine de personnes pour souper. Finalement, les si\u00e8ges manquent un peu, on doit s\u00e9parer le groupe sur les divans et les tables qui m\u00eame en \u00e9tant coll\u00e9es n'\u00e9taient pas \u00e0 la m\u00eame hauteur, alors c'\u00e9tait un peu sp\u00e9cial. Le staff est bien sympa (shooters de bienvenu gratuits pour le groupe!) mais on a du attendre environ 1h15 pour recevoir nos assiettes, ce que je trouve assez inacceptable. Ce fut tout aussi long pour les factures \u00e0 la fin. Pour la bouffe, je crois que tout le monde s'entend pour dire qu'on a pas eu de r\u00e9v\u00e9lation gustative divine en mangeant mais c'\u00e9tait correct, j'ai tr\u00e8s appr\u00e9ci\u00e9 le fait qu'ils fassent ais\u00e9ment des substitutions aussi (j'aime pas la guacamole, on met du pico de gallo et bingo!). Le menu est atroce \u00e0 lire, surtout avec la faible luminosit\u00e9 de la place, et faites attention, la facture monte assez vite! Je suis plate hein? Je m'excuse, j'aurais voulu faire un review plus positif mais j'ai sinc\u00e8rement trouv\u00e9 \u00e7a moyen..\n\nDonc en gros, je suis contente d'y avoir \u00e9t\u00e9 une fois, mais si j'ai envie de mexicain (ou si j'ai envie de boire/manger avec des amis dans la vie en g\u00e9n\u00e9ral), El Zaziummm ne sera ni dans mon top 10, ni dans mon top 50 mettons..",bon | nous dit que l endroit etait adapte pour le grands groupes alors pour la fete une amie se retrouve environ une vingtaine de personnes pour souper | finalement le siege manquent un peu doit separer le groupe sur le divans et le table qui meme en etant collees n etaient pas la meme hauteur alors c etait un peu special | le staff est bien sympa shooter de bienvenu gratuits pour le groupe mais du attendre environ 1 h 15 pour recevoir nos assiettes ce que je trouve assez inacceptable | ce fut tout aussi long pour le factures la fin | pour la bouffe je crois que tout le monde entend pour dire qu pas eu de revelation gustative divine en mangeant mais c etait correct j ai tres apprecie le fait qu ils fassent aisement de substitution aussi j aime pas la guacamole met du pico de gallo et bingo | le menu est atroce lira surtout avec la faible luminosite de la place et faites attention la facture monte assez vite | je suis plate hein | je excuse j aurais voulu faire un review plus positif mais j ai sincerement trouve ca moyen | donc en gros je suis contente avoir ete une fois mais si j ai envie de mexicain ou si j ai envie de boire manger avec de amis dans la vie en general el zaziummm ne sera ni dans mon top 10 ni dans mon top 50 mettons
2,Confident FP,27165,0,1,0.99658537,long (>180 words); truncated (>256 cleaned tokens); no strong polarity words,"Nun will auch ich meine Erfahrungen vom Aposto aufschreiben, die einfach nur schlechte sind.\n\n\n 1 Stunde auf ein Gals Wein zu warten, wobei ich zwischendurch zweimal freundlich nachgefragt habe - ist irgendwie zu viel. \nZwischenzeitlich hatte mir eine andere Sericekraft gl\u00fccklicherweise ein leeres Glas gebracht, so dass ich aus der von meinen Mitg\u00e4sten bestellten Flasche mittrinken konnte. \nDie Bitte, den Tisch doch etwas von leeren Gl\u00e4sern zu befreien, damit mehr Platz f\u00fcr die Essensteller seien mit dem Kommentar: \""""ich habe doch gerade schon abger\u00e4umt\"""" zu versehen- ist wohl kaum zu toppen. \nMir konnte auch nicht gesagt werden, ob ein bestimmtes Gericht der \""""Fr\u00fchlingskarte\"""" Vor- oder Hauptspeisengr\u00f6\u00dfe hat. Es g\u00e4be noch einiges mehr aufzuz\u00e4hlen, aber Service ist ja nicht alles. Meine Mitg\u00e4ste beteuerten, der Service sei normalerweise besser. OK es gibt ja noch andere Aspekte.\n\n\n Der Wein hat gut geschmeckt, aber nicht herausragend. 0,2-l Preise von 4,40 Euro rechtfertigt er jedenfalls nicht.\nInsgesamt ist das Getr\u00e4nke-Preisniveau hoch oben. Auch die Vorspeisen sind hochpreisigst. Au\u00dfer Bruschetta, die \u00fcbrigens gut war- kaumt etwas unter 9 Euro.\n\n\n Ich w\u00e4hlte als Vorspeise diejenige, von der ich nicht wissen durfte, ob es denn eine sei. Die Gem\u00fcsespie\u00dfe waren gut - einfach gegrillt, da gibt's nicht so viel falsch zu machen. \nF\u00fcr 12 prsonen gab es nur EIN K\u00f6rbchen Brot in der Mitte - ich verzichtete.\n\n\n Die Spaghetti Bolognese hingegen waren mehr als schlecht- n\u00e4mlich scharf. Den Geschmack kann ich eigentlich gar nicht beurteilen, denn ich f\u00fchlte nur scharf. \nLeider gab es keine Gelegenheit, sich beim Service dar\u00fcber zu beschweren, und letztendlich auch keinen Willen mehr. \nDie Pizza meines Gegen\u00fcbers war wohl \u00e4hnlich scharf, die Carbonara meines Nachbarn deutlich zu salzig- die Salate wohl aber gut. \nDie Pasta bwegt sich im unteren Preisssegment: zwischen 6 und sieben Euro ist eigentlich ok - aber nicht f\u00fcr etwas, das man nicht essen kann. ;-)\n\n\n Vielleicht wird hier versucht, \u00fcber heftigst gew\u00fcrzte g\u00fcnstige Speisen den Umsatz durch die teuren Getr\u00e4nke zu steigern? \nNur eine Mutma\u00dfung.\n\n\n Zu den R\u00e4umlichkeiten kann man nur sagen: gro\u00df. Modern eingerichtet, aber nicht wirklich bedeutend. Eher etwas ungem\u00fctlich und laut- aber ich habe ja schon genug \""""gemotzt\"""" jetzt.\n\n\n Das fr\u00fcher in den R\u00e4umlichkeiten ans\u00e4ssige M\u00f6wenpick-Restaurant gl\u00e4nzte auch nicht gerade mit positiven Aspekten, war aber immer noch um l\u00e4ngen besser.\n\n\n Mein Fazit: Karlsruhe ist gottlob gro\u00df genug, dass ich mir die Restaurants - auch in Ludwigsplatzn\u00e4he - aussuchen kann. Das Aposto wird vermutlich nicht in die Auswahl fallen.",nun auch ich meine erfahrungen vom aposto aufschreiben die einfach nur schlechte sind | 1 stunde auf ein gal wein zu warten wobei ich zwischendurch zweimal freundlich nachgefragt habe ist irgendwie zu viel | zwischenzeitlich hatte mir eine andere sericekraft glucklicherweise ein leer glas gebracht dass ich au der von meinen mitgasten bestellten flasche mittrinken konnte | die bitte den tisch doch etwas von leeren glasern zu befreien damit mehr platz fur die essensteller seien mit dem kommentar ich habe doch gerade schon abgeraumt zu versehen ist wohl kaum zu toppen | mir konnte auch nicht gesagt werden ob ein bestimmtes gericht der fruhlingskarte vor oder hauptspeisengroe hat | es gabe noch einiges mehr aufzuzahlen aber service ist ja nicht alles | meine mitgaste beteuerten d service sei normalerweise besser | ok es gibt ja noch andere aspekte | der wein hat gut geschmeckt aber nicht herausragend | 0 2 l preise von 4 40 euro rechtfertigt er jedenfalls nicht | insgesamt ist das getranke preisniveau hoch oben | auch die vorspeisen sind hochpreisigst | auer bruschetta die ubrigens gut war kaumt etwas unter 9 euro | ich wahlte al vorspeise diejenige von der ich nicht wissen durfte ob es denn eine sei | die gemusespiee waren gut einfach gegrillt da gibt nicht viel falsch zu machen | fur 12 prsonen gab es nur ein korbchen brot der mitte ich verzichtete | die spaghetti bolognese hingegen waren mehr al schlecht namlich scharf | den geschmack kann ich eigentlich gar nicht beurteilen denn ich fuhlte nur scharf | leider gab es keine gelegenheit sich beim service daruber zu beschweren und letztendlich auch keinen willen mehr | die pizza meines gegenubers war wohl ahnlich scharf die carbonara meines nachbarn deutlich zu salzig die salate wohl aber gut | die pasta bwegt sich im unteren preisssegment zwischen 6 und sieben euro ist eigentlich ok aber nicht fur etwas das man nicht essen kann | vielleicht wird hier versucht uber heftigst gewurzte gunstige speisen den umsatz durch die teuren getranke zu steigern | nur eine mutmaung | zu den raumlichkeiten kann man nur sagen gro | modern eingerichtet aber nicht wirklich bedeutend | eher etwas ungemutlich und laut aber ich habe ja schon genug gemotzt jetzt | das fruher den raumlichkeiten ansassige mowenpick restaurant glanzte auch nicht gerade mit positiven aspekten war aber immer noch um langen besser | mein fazit karlsruhe ist gottlob gro genug das ich mir die restaurant auch ludwigsplatznahe aussuchen kann | das aposto wird vermutlich nicht die auswahl fallen
3,Confident FP,10148,0,1,0.99436224,medium (61-180 words); negation; contrast; explicit rating mention,"WE LOVE VEGAS!\n\nWE USUALLY GO ONCE A YEAR.\n\nThis year we got reeled in by Luxor's great rates.\n\nUnfortunately we got what we paid for.\n\nLeaky windows, worn, beat up furnishings? \n\nC'mon, really? \n\nThis is supposed to be a high class hotel/casino, right?\n\nOn the plus side, the sideways elevators were cool.\n\nThey also have the Titanic exhibit, which is excellent!\n\nAnd Tender steakhouse is a 5 star all the way.\n\nBut the rooms were not great. \n\nSo if you want a deal on the strip, check them out. \n\nFor us though, we'll go all in and hit Caesar's or somewhere else next time.",love vega | usually go year | year get reel luxor great rate | unfortunately get pay | leaky windows wear beat furnishing | c mon really | suppose high class hotel casino right | plus side sideways elevator cool | also titanic exhibit excellent | tender steakhouse 5 star way | but room not great | want deal strip check | us though go hit caesar somewhere else next time
4,Confident FP,11695,0,1,0.991437,medium (61-180 words); no strong polarity words,"Na, ich wei\u00df nicht  dieses Outlet wirkt so gar nicht Premim und kann mit allen anderen amerikanischen Shopping-Paradiesen nicht mithalten.\nEs erinnert mich an die Great Mall nahe San Francisco. Auch hier ist das gesamte Center \u00fcberdacht und daher  Pluspunkt in Las Vegas  etwa auf Biofresh-Temperatur gek\u00fchlt.\nAber irgenwie ist alles chaotisch, auch gibt es viele un-Marken  alles in allem w\u00fcrde ich klar abraten und die anderen Malls und Outlets in Las Vegas empfehlen!",na ich wei nicht dieses outlet wirkt gar nicht premim und kann mit allen anderen amerikanischen shop paradiesen nicht mithalten | es erinnert mich die great mall nahe san francisco | auch hier ist da gesamte center uberdacht und daher pluspunkt la vega etwa auf biofresh temperatur gekuhlt | aber irgenwie ist alles chaotisch auch gibt es viele un marken alles allem wurde ich klar abraten und die anderen mall und outlet la vega empfehlen
5,Confident FP,501,0,1,0.9901314,medium (61-180 words); contrast,"Laser quest is a fun experience for kids of all ages, but the adults that play at this establishment, honestly kind of creep me out.  The best time to bring your children here is during the middle of the week, because there is always an abundance of birthday parties on the weekend, and it can take hours before you are able to participate.  Each game is about fifteen minutes long and the setup is fairly large, with many areas to run around and attack friends.  Bring your childhood self here for a good clean time!",laser quest fun experience kid age but adult play establishment honestly kind creep | best time bring child middle week always abundance birthday party weekend take hour able participate | game fifteen minute long setup fairly large many area run around attack friend | bring childhood self good clean time
6,Confident FN,10288,1,0,0.004759641,medium (61-180 words); negation; contrast; no strong polarity words; explicit rating mention,"I had dinner here last weekend, and decided to order the gnocchi since I had it at Bouchon in Yountville.  I thought it was either overcooked and or dry, so sent it back for another order since it was what I came here for.  The next order wasn't much better, and the waitress and manager apologized and comped me my dinner.  Even though I didn't like my food, I still give them 3 1/2 stars for trying to make it right and apologizing.  The other thing that was annoying was that we ordered bottled water, and they took it away from the table to keep it on ice.  Well the busboy or expediter kept coming over and pouring tap water from a pitcher into our glasses.  The waitress had to keep coming over and tell the busboy not too do that.The atmosphere is pleasant and my wife liked her mussels.  I will have to go back to Yountville to see if my taste buds were correct.  They insist that it is the same recipe.",dinner last weekend decide order gnocchi since bouchon yountville | think either overcooked dry sent back another order since come | next order not much better waitress manager apologize comped dinner | even though not like food still give 3 1 2 star try make right apologize | thing annoy order bottled water take away table keep ice | well busboy expediter keep come pour tap water pitcher glass | waitress keep come tell busboy not too atmosphere pleasant wife like mussel | go back yountville see taste bud correct | insist recipe
7,Confident FN,12490,1,0,0.0057156035,long (>180 words); negation; contrast,"The low rating for Kobe makes me sad  :(\n\nWe have stepped away from Kobe for awhile and been going elsewhere, but at no fault of Kobe...we do it with everything.\nBut the call of sushi came tonight and we decided to go back to our old favorite, Kobe!\n\nLately we have been 'failing' at AYCE and not really eating  enough to make the cost of AYCE - but we did work tonight at Kobe.\n\nThey don't have garlic edamame, which sucks, and I did ask if they could make it for me and the waitress looked like I asked her to make me a Gyro or something. I wasn't expecting it to happen, but I can wish.   \n\nTheir cucumber salad is always great (a simple thing, but something that I can never seem to get right - I must buy the wrong rice vinegar), the dumplings/potstickers were great!!! (bf thought they were too crispy, but you don't see him Yelping, now do you?) and all the sushi had the right amount of spice we were looking for, was fresh and didn't make me feel sick 20 minutes later.",low rating kobe make sad | step away kobe awhile go elsewhere but no fault kobe everything | but call sushi come tonight decide go back old favorite kobe | lately fail ayce not really eat enough make cost ayce but work tonight kobe | not garlic edamame suck ask could make waitress look like ask make gyro something | not expect happen but wish | cucumber salad always great simple thing but something never seem get right must buy wrong rice vinegar dumpling potstickers great | bf think too crispy but not see yelp sushi right amount spice look fresh not make feel sick 20 minute later
8,Confident FN,6611,1,0,0.010159708,long (>180 words); negation; contrast; no strong polarity words,"Harlow's gives me diarrhea.  Every time.  Every single time.  You know what, though?  I don't care because Harlow's cuts my hangover directly in half and I feel twice as good when I leave.  If I get me some diarrhea, that's okay.  It's a price I'm willing to pay.\n\nTheir food is diner food.  I mean, what you get is going to be a little on the greasy side and you'll taste it in your burps for a few hours.  Some of their food might cause some slight indigestion.  I, however, kind of enjoy heavy ass diner food that settles right to the bottom of my gut. \n\nWhen you order a water and a coffee, they'll be filled constantly.  I mean constantly.  At most places, you drink maybe altogether two cups of coffee throughout the course of your meal.  At Harlow's, if you really wanted to, you could burn through like ten cups of joe.\n\nI've been to this place with some gnarly hangovers I can't even begin to explain.  One time I went here so hung over that it felt like I coming down off of a crazy psilocybin trip.  Harlow's makes me feel better.  A LOT better.  The ambience is a little douche-y and kind of conservative-Republican and they make the waitresses wear those embarrassingly small shorts and I get diarrhea whenever I go here.... fuck it.  I still like it.",harlow give diarrhea | every time | every single time | know though | not care harlow cut hangover directly half feel twice good leave | get diarrhea okay | price willing pay | food diner food | mean get go little greasy side taste burp few hour | food might cause slight indigestion | however kind enjoy heavy ass diner food settle right bottom gut | order water coffee fill constantly | mean constantly | place drink maybe altogether two cup coffee throughout course meal | harlow really want could burn like ten cup joe | place gnarly hangover not even begin explain | one time go hung feel like come crazy psilocybin trip | harlow make feel better | lot better | ambience little douche kind conservative republican make waitress wear embarrassingly small short get diarrhea whenever go | fuck | still like
9,Confident FN,15309,1,0,0.012595803,medium (61-180 words); negation; contrast; no strong polarity words,"My car thermometer said it was 38 degrees this morning when I was headed to work, and I was in the mood for a quick caffeine pick-me-up. Thank you coffee gods for giving this Starbucks a drive thru! \n\nThere is usually a line of 2-5 cars when I stop here before work but the people working always seem to get people on their way quickly. I have never gotten the wrong drink and most of the time they don't even charge me for the extra drizzle of caramel I request! \n\nI have never stepped foot inside, so no comments on the cleanliness, or lack thereof. All I know is on cold mornings, that drive-thru is a lifesaver!",car thermometer say 38 degree morning head work mood quick caffeine pick | thank coffee god give starbucks drive thru | usually line 2 5 car stop work but people work always seem get people way quickly | never get wrong drink time not even charge extra drizzle caramel request | never step foot inside no comment cleanliness lack thereof | know cold morning drive thru lifesaver
10,Confident FN,22707,1,0,0.013869411,short (<=60 words); contrast; no strong polarity words,"Its a nice buffet looking over the Aria pool, but variety was just ok.... Meh..",nice buffet look aria pool but variety ok | meh
11,Near-threshold,12070,1,0,0.49897256,medium (61-180 words); negation; no strong polarity words,"So, we are waiting for a flight at 8AM and having a breakfast burrito at Blue Burrito (connected to Taberna del Tequila at Sky Harbor Airport) and I was complaining to my boyfriend that they don't give out their really good hot sauce anymore - instead they give Tapatio (sucks).   The guy sitting next to us (Roger) works at Taberna del Tequila and he got up and went to the restaurant and brought us some!  Went out of his way to make sure we were good and it wasn't even something we bought at the restaurant!   Needless to say, over and above.  Thanks, Roger!",wait flight 8 breakfast burrito blue burrito connect taberna del tequila sky harbor airport complain boyfriend not give really good hot sauce anymore instead give tapatio suck | guy sit next us roger work taberna del tequila get go restaurant bring us | went way make sure good not even something buy restaurant | needless say | thanks roger
12,Near-threshold,8048,0,1,0.50534254,long (>180 words); negation; contrast; no strong polarity words; explicit rating mention,"Stayed at the NY NY Hotel/Casino - 111 F outside.\nWe were NOT going out for dinner! Ended up in the\n\""""Village\"""" downstairs - saw a gaggle of mediocre \nrestaurants, wandered into Gonzalez Y Gonzalez.\n\nBoo. \n\nFOOD: Ordered 2 steak nachos, a plate of boneless/\nskinless chicken and a bean and cheese burrito. \n\nSteak Nachos were TEENY TINY!!! We had literally 10\nchips each with beans, cheese, 2 small strips of steak\nand a jalepeno pepper baked on top. They were placed\naround in a circle - fancy like. To their credit, the meat was\nvery tasty but damn... come on... give me more than 10 \nchips for $12. I was expecting a plate of nachos. Plural.\n\nBean & Cheese burrito was also small. Taco Bell makes\nbigger burritos. No bullshit. $5 for that.\n\nThe chips and salsa are endless. Verde salsa was decent.\nWait, our chip basket had a handful of unbroken chips and\nthen the rest of the basket was FULL of chip pieces. WTF?\n\nWhatever. The waiter came by and asked, \""""Everthing ok? \nCan I get you anything else?\""""\n\nWe lol'd.\n\nSERVICE: Slow. TVs all showed the same lame golf channel.\n\nPRICES: Fair. For Vegas. I guess. $48 for 4 of us.\n**soft drinks are not bottomless.**\n**cocktails are weak**\n\n2 Stars for the 20 nacho chips we had to share between us",stay ny ny hotel casino 111 f outside | not go dinner | end | village downstairs see gaggle mediocre | restaurant wander gonzalez gonzalez | boo | food order 2 steak nacho plate boneless | skinless chicken bean cheese burrito | steak nacho teeny tiny | literally 10 | chip bean cheese 2 small strip steak | jalepeno pepper bake top | place | around circle fancy like | credit meat | very tasty but damn | come | give 10 | chip 12 | expect plate nacho | plural | bean cheese burrito also small | taco bell make | bigger burrito | no bullshit | 5 | chip salsa endless | verde salsa decent | wait chip basket handful unbroken chip | rest basket full chip piece | wtf | whatever | waiter come ask everthing ok | get anything else | lol would | service slow | tv show lame golf channel | price fair | vega | guess | 48 4 us | soft drink not bottomless | cocktail weak | 2 star 20 nacho chip share us
13,Near-threshold,22606,1,0,0.49326125,short (<=60 words); no strong polarity words,A usual place of mine.,usual place mine
14,Near-threshold,24094,0,1,0.5071373,long (>180 words); negation; contrast; no strong polarity words,"I wanted to try on a pair of shorts, so I walked around until I found the fitting room.  A little red sign says \""""push\"""" for service.  Loving to push buttons I felt compelled by the power of Christ to oblige.  I waited for a while, and no one came.  So I pushed the button again.  As I stood just outside the fitting room door I decided to give the handle a nudge and lo and behold it opened.  By the time I was done trying on the shorts I came out of the fitting room and noticed that the button had stopped flashing, so I pushed it again because clearly it was just one of those dummy buttons where you push it and nothing really happens.  \n\nOnto the basketballs, I grabbed myself a standard Wilson B-ball and headed to the check out nearest the mall entrance.  Mr Hunkasuarus Rex was manning the check out, and while he was easy on the eyes his apparent lack of brain power did not cater well to my impatience.  He was waiting on some woman with a rugrat who had confounded him into a drooling stupor with her super mom multitasking abilities, all whilst the rugrat beat the counter with a cheese head hat.  \n\nI gave up and decided to try a different register near the exit to the outside.  There was a long line there.  The Dicks were out in full force here today.  This cashier looks up in mid-transaction and says \""""does anyone need to make a purchase?\""""  To which the dude in front of me holds up his merchandise confusedly.  Just what the hell are we doing in this line of hurry up and wait???  Dick must have not wanted to wait on me specifically because a few moments later he looked me in the eye and said \""""there are other registers open that have no wait.\""""  To which I said \""""I ain't leaving buddy.\""""  Secretly I knew that hunkasaurus Rex on the other side of the store was still tapping a Dick club card on his forehead waiting for an epiphany.  \n\nPart of their problem is that they have to try and sell you an insurance plan with every piece of equipment you buy, along with trying to get you to sign up for a club card so you too can be a Dick.  By the time I got through with my purchase it suddenly dawned on him to call for help.  He speaks into his mic head set \""""can I get some help up here?   The line is pretty long.\""""  To which I turn to see about 20 other highly annoyed faces waiting in line.\n\nI used to really like going here to see Dicks.  But their customer service has fallen below the acceptable level.  No one is on the floor to help you, yet they have cashiers who try to up sell the hell out of you.   What a bunch of dicks.",want try pair short walk around find fitting room | little red sign say push service | love push button feel compel power christ oblige | wait no one come | push button | stand outside fitting room door decide give handle nudge lo behold open | time do try short come fitting room notice button stop flash push clearly one dummy button push nothing really happen | onto basketball grab standard wilson b ball head check nearest mall entrance | mr hunkasuarus rex man check easy eye apparent lack brain power not cater well impatience | wait woman rugrat confound drool stupor super mom multitasking ability whilst rugrat beat counter cheese head hat | give decide try different register near exit outside | long line | dick full force today | cashier look mid transaction say anyone need make purchase dude front hold merchandise confusedly | hell line hurry wait | dick must not want wait specifically few moment later look eye say register open no wait say not leave buddy secretly know hunkasaurus rex side store still tap dick club card forehead wait epiphany | part problem try sell insurance plan every piece equipment buy along try get sign club card too dick | time get purchase suddenly dawn call help | speak mic head set get help | line pretty long turn see 20 highly annoyed face wait line | use really like go see dick | but customer service fall acceptable level | no one floor help yet cashier try sell hell | bunch dick
15,Near-threshold,9265,1,0,0.4926076,short (<=60 words); no strong polarity words,Southwest Burger... that is all Im going to say,southwest burger | im go say
16,"Slice-specific (no strong polarity words, macro-F1 0.890, n=1918)",4655,0,1,0.98524517,short (<=60 words); no strong polarity words,"good: it's cheap, loud, every now and then a good band will play, good drink selection.\n\nbad: the parking and the crowd.\n\nit's fun to watch the young kids marvel in this new bar they've just discovered and is totally the coolest place, like, ever.  funny stuff.",good cheap loud every good band play good drink selection | bad parking crowd | fun watch young kid marvel new bar discover totally coolest place like ever | funny stuff
17,"Slice-specific (no strong polarity words, macro-F1 0.890, n=1918)",35238,0,1,0.98505,short (<=60 words); negation; no strong polarity words,"Food...BOMB! Everything they do in the kitchen, they do right.\nMusic is good and usually pretty loud..\nBring a group of people and sit at the bar. This is where you'll get served the fastest..servers make themselves scarce and don't talk much.\n It's worth a trip, for fried pickles!",food bomb | everything kitchen right | music good usually pretty loud | bring group people sit bar | get serve fastest server make scarce not talk much | worth trip fried pickle
18,"Slice-specific (no strong polarity words, macro-F1 0.890, n=1918)",22269,0,1,0.98496974,short (<=60 words); no strong polarity words,"Second trip to the bar v ased on a promo of free play.   Gambling was good, great Pandora music, and plenty of tv. Bar keeps are to much chatty kathys among themselves.",second trip bar v ased promo free play | gamble good great pandora music plenty tv | bar keep much chatty kathys among
19,"Slice-specific (no strong polarity words, macro-F1 0.890, n=1918)",5586,0,1,0.9833371,short (<=60 words); no strong polarity words,Saturday night. Opening weekend of Spring Training. 1 chef. Long waits between food delivery. \n\nAyce is limited in variety unless you really like California rolls. There are 5-6 different ones.,saturday night | open weekend spring training | 1 chef | long wait food delivery | ayce limit variety unless really like california roll | 5 6 different one
20,"Slice-specific (no strong polarity words, macro-F1 0.890, n=1918)",17598,0,1,0.98235935,short (<=60 words); negation; no strong polarity words; explicit rating mention,The bull ride is fun. Very good staff -- they had great energy and really got people involved.\n\nThe food is wretched -- worthy of a bio hazard warning.  If it were not for the great staff and fun atmospere this place would deserve 0 stars.,bull ride fun | very good staff great energy really get people involve | food wretched worthy bio hazard warning | not great staff fun atmospere place would deserve 0 star
