epoch,g_total,g_adv,cycle,identity,d_a,d_b,grad_g,grad_d,identity_weight,val_cycle_l1,val_b2a_fid,lr_g,lr_d,nan_count,nonfinite_gradient_steps
1,8.647942678118737,0.9123781118786581,0.6254125104388869,0.5925757985065847,0.3337607818881074,0.3399789519957485,65.64540334086834,24.903531051084503,2.5,0.3452029650410016,,0.0002,0.0001,0,7
2,7.735409975934911,0.832298800404425,0.5597457816203435,0.5293189213783652,0.22166022605228203,0.2414312672973783,50.466330163500764,20.355182048329265,2.466666666666667,0.2819893752535184,,0.0002,0.0001,0,7
3,7.517232626842435,0.8935032655002898,0.5385713767474569,0.508773518681305,0.20541800365045473,0.21558370506857455,49.567517670821296,22.07790558224229,2.4333333333333336,0.2596384254594644,,0.0002,0.0001,0,8
4,7.180869580198217,0.9232765929014595,0.5092468904676261,0.48546835733232674,0.19856949553445533,0.19925052450486908,47.33233126540593,22.984060912664887,2.4,0.24450205614169437,,0.0002,0.0001,0,8
5,6.6856272388387605,0.9080536873252304,0.47066681743771943,0.45249524952636827,0.19448256661632546,0.21030116333039822,42.92931162717602,23.1880506637434,2.3666666666666667,0.21142208526531855,277.0050964355469,0.0002,0.0001,0,8
6,6.599902280171713,0.8938836367593871,0.4651252802875307,0.45204251254046407,0.20065299076269622,0.20569293584881557,38.11497516044283,22.35845503991648,2.3333333333333335,0.20678274693588417,,0.0002,0.0001,0,8
7,6.369269756748857,0.8874670403261353,0.44685231843109696,0.44055632995320604,0.1919888268278459,0.20243219341149687,36.892091329103096,22.247616927799196,2.3000000000000003,0.20775170624256134,,0.0002,0.0001,0,9
8,6.204872042438316,0.9007495698935468,0.43257107844158094,0.43165221713580093,0.18865875477845573,0.2105440214649534,37.06922854048067,22.014285559222316,2.2666666666666666,0.19226985859374204,,0.0002,0.0001,0,10
9,5.983039648003048,0.8920407790828634,0.4147425774898794,0.42249541820751296,0.19001848931872733,0.20791331617230618,36.109035171798894,21.562022287427606,2.2333333333333334,0.1932633988559246,,0.0002,0.0001,0,10
10,5.846566796744312,0.9211803369775966,0.403013934912505,0.4069304941980927,0.18304572709732586,0.21069374930596463,35.82988825458816,22.40536536723802,2.2,0.179283690204223,256.39080810546875,0.0002,0.0001,0,10
11,5.792225358662782,0.9513265781104565,0.3963756729883176,0.4048347752955225,0.1785235608307024,0.20084826936600386,38.21887316437532,21.67389269243999,2.166666666666667,0.18594189994037152,,0.0002,0.0001,0,10
12,5.712324096453212,0.9133284182351684,0.39465446488202616,0.399586396170901,0.18035762290537688,0.20570415054173216,35.79525574954517,21.619205761401677,2.1333333333333333,0.1804609807829062,,0.0002,0.0001,0,11
13,5.668972005225994,0.9108546158229863,0.39190555998572596,0.3995532493348475,0.18116177201478018,0.20711500978235292,37.13535779574835,21.389374512927347,2.1,0.18635195021828016,,0.0002,0.0001,0,11
14,5.601581123238603,0.9301256029191514,0.38540467498027703,0.3955203808262446,0.17349051035331306,0.21327626749139184,41.435705427742185,21.99876426382215,2.0666666666666664,0.17162702567875385,,0.0002,0.0001,0,13
15,5.44533195760515,0.9195804079649625,0.3730787705216143,0.3909658259263745,0.1764083201996982,0.2131265511305106,46.03019574084234,21.618115421791988,2.033333333333333,0.16671609431505202,245.993896484375,0.0002,0.0001,0,13
16,5.459859809169063,0.943588271971654,0.3741430561851572,0.38742047291662957,0.16643750984911565,0.20666244311120224,50.261032005318896,21.795258115299294,2.0,0.18162223659455776,,0.0002,0.0001,0,13
17,5.484724443785998,0.9400931591503253,0.3789994293384959,0.38371371675510796,0.17127887657558433,0.2077405091464962,53.39339086999843,21.520441342580312,1.9666666666666666,0.1627706591039896,,0.0002,0.0001,0,14
18,5.322568124753458,0.911396250239125,0.3671122324687463,0.3827842629894062,0.17741974023412224,0.201207848471003,49.6446768468631,21.429023634832895,1.9333333333333333,0.17250351620217164,,0.0002,0.0001,0,14
19,5.334182661551016,0.9574779704213142,0.3651009645726946,0.3819447648194101,0.1574793090009027,0.21047816178244022,62.92897209370395,21.55534500473857,1.9,0.17481554709374905,,0.0002,0.0001,0,14
20,5.287997901439667,0.9593339514953119,0.3620970184604327,0.3791216522455215,0.15759665289790267,0.2014230844133568,66.05288074203317,21.518133633475145,1.8666666666666665,0.1749845126022895,240.13955688476562,0.0002,0.0001,0,14
21,5.382168572631468,0.9639931284860608,0.37007811527048345,0.391305970491973,0.1589155910038095,0.19863295171853002,77.25901932000778,20.991336109067785,1.8333333333333335,0.16361474009851615,,0.0002,0.0001,0,16
22,5.338956675856808,0.975233004755014,0.36759098581900623,0.3821187961245291,0.15492334552731274,0.20170378199120179,73.15490503775398,21.557685536545716,1.7999999999999998,0.16436545650164286,,0.0002,0.0001,0,17
23,5.208134176112988,0.9239101212885644,0.36245985516795404,0.37337293268905747,0.16817004604058133,0.20120248725913742,57.446909937432764,21.729881541552732,1.7666666666666666,0.17349497055013974,,0.0002,0.0001,0,17
24,5.215971710946825,0.9946335409112551,0.3568248844533055,0.3767822981156685,0.16161664929240943,0.19382121481898207,71.16020781805726,22.245891252786752,1.7333333333333334,0.1655378798643748,,0.0002,0.0001,0,17
25,5.182577006022135,0.9822024191419284,0.35660664298468164,0.37312243669121353,0.15846943820274814,0.18283388594993286,78.89129304945568,21.678723897715606,1.6999999999999997,0.16130422949790954,232.12762451171875,0.0002,0.0001,0,17
26,5.1377021067635305,0.9568659037740093,0.3534208924632721,0.38797637495581666,0.15916732739435172,0.1954370608251521,84.0069772463165,22.8863832038052,1.666666666666667,0.16164566688239573,,0.0002,0.0001,0,20
27,5.185636674916303,0.9593891230446321,0.36033200638161766,0.3813841723181583,0.1563898076010109,0.19034603703422126,68.56260989013384,22.39128155441414,1.6333333333333333,0.1701481142391761,,0.0002,0.0001,0,20
28,5.0966101639345975,0.9384105847474595,0.35532710376387405,0.3780803368297269,0.17214203486305443,0.20200773561459748,78.3499760284038,23.48039257189535,1.6,0.16348065001269182,,0.0002,0.0001,0,21
29,5.19168651677944,0.9842535844555608,0.3613534049027496,0.3790843834755597,0.1661394596444788,0.18520371303376224,80.96133524537764,21.427000419843186,1.5666666666666669,0.16359451810518902,,0.0002,0.0001,0,21
30,5.074859267926614,0.9346694897355751,0.35582107280645386,0.3795515662111024,0.16942502658793457,0.198030997133349,63.564229162780556,22.005603378937106,1.5333333333333332,0.1521716432025035,221.6997528076172,0.0002,0.0001,0,22
31,5.001376956039005,0.9272088117621563,0.35209120890056644,0.36883737497307634,0.17862273521928324,0.1918559040494815,61.92591491615227,22.75510635395499,1.5,0.1570799102385839,,0.0002,0.0001,0,22
32,4.896745775364064,0.9176439169932294,0.34343914657279295,0.37139344174000954,0.1702903179210369,0.18953172864944295,68.2143109919772,23.22117559130691,1.4666666666666668,0.1612902185569207,,0.0002,0.0001,0,22
33,5.111517099369877,0.9960445618198179,0.3562833946854816,0.38556181638050613,0.16575731867526922,0.1703533882271768,63.49886390240219,24.551987724444647,1.4333333333333331,0.1581710111349821,,0.0002,0.0001,0,23
34,4.946909697850545,0.9282155568676966,0.34827597064000587,0.38281029678053324,0.17845293260696862,0.1769572888414755,59.53203604449003,27.393113801450646,1.4000000000000001,0.16141328923404216,,0.0002,0.0001,0,23
35,4.913964505540639,0.9724484335403053,0.34411919136326036,0.3660908488484172,0.1803538807787015,0.1861180851688688,59.10436401040088,24.33171848443223,1.3666666666666667,0.15653691676755746,217.94508361816406,0.0002,0.0001,0,24
36,4.767985264460246,0.8898916852005102,0.33804664465564266,0.37322035277331317,0.18580288964289207,0.2030052974992604,44.62806953807402,24.394557520347558,1.3333333333333333,0.156841541454196,,0.0002,0.0001,0,24
37,4.733108860033529,0.9113405476841662,0.33509305845256204,0.3621828811588111,0.18114019066129847,0.1849886900400398,45.18342492719494,23.71554281231951,1.3,0.1526058935870727,,0.0002,0.0001,0,24
38,4.74721906626666,0.9069837164271761,0.33714425312700097,0.3700996021429698,0.18014083277710058,0.18975548078478485,44.512412915798755,24.599161816248348,1.2666666666666666,0.1524339637408654,,0.0002,0.0001,0,24
39,4.745158135338042,0.9255187694598439,0.33666296336447377,0.36730519075340595,0.17515522099734182,0.20058264596135475,47.481184282329465,23.176444464264566,1.2333333333333332,0.15685387489696342,,0.0002,0.0001,0,25
40,4.700847117931811,0.8947158598778199,0.33454122442703743,0.38393249328149714,0.19184414871341113,0.19556084152739597,40.60939215438731,24.13975749512335,1.2,0.14666080133368573,218.73110961914062,0.0002,0.0001,0,26
41,4.846273306122533,0.9719220206417419,0.34305369721518625,0.38041228425723533,0.17665512236525063,0.17486962314557147,45.26902443752575,25.506227149999987,1.1666666666666667,0.15766348267594973,,0.0002,0.0001,0,26
42,4.742965218314418,0.947130806495746,0.33793331365342494,0.36750111737185054,0.18371494843934974,0.16856100710833238,40.39218148188732,21.160603490978716,1.1333333333333333,0.16219778123001258,,0.0002,0.0001,0,26
43,4.516097187774744,0.888817660552009,0.3232231327023267,0.35913470998434055,0.18159273119923244,0.19550508587294585,37.38458877359328,23.104784101792692,1.0999999999999999,0.16307233075300853,,0.0002,0.0001,0,27
44,4.490206978939198,0.8635602646955738,0.32249763756990435,0.37656593488322365,0.18873506062491624,0.1910418240422452,36.048845845386886,23.584288397833642,1.0666666666666667,0.15051963912944,,0.0002,0.0001,0,27
45,4.446917716116542,0.8669125302824329,0.31918062018109605,0.37567645217359397,0.1875483027533222,0.19606705932274932,39.64266093654504,24.636228289769175,1.0333333333333332,0.14929674714803695,214.65771484375,0.0002,0.0001,0,28
46,4.470394893045778,0.9135453680599177,0.31912416735732996,0.3656078602704737,0.1854762735673123,0.17960896494074,35.001622425764374,23.22766520088992,1.0,0.14996763747185468,,0.0002,0.0001,0,28
47,4.413371549712287,0.892065898825725,0.3166476965226509,0.36706416507562,0.17844276418564498,0.18114982774929592,37.11068421524135,22.98721791140392,0.9666666666666668,0.1496051446845134,,0.0002,0.0001,0,28
48,4.457223247287446,0.885058738540077,0.32187361003405973,0.3786732872640489,0.18525752922475117,0.18586892888972845,38.86373356944769,23.385454629857897,0.9333333333333332,0.14670236905415854,,0.0002,0.0001,0,29
49,4.298850450533441,0.832740777443424,0.31256465611077416,0.37829235616331863,0.18428178116720662,0.1955966244526,33.32320314462081,22.153927589666836,0.8999999999999999,0.16049804277718066,,0.0002,0.0001,0,30
50,4.4370461154867105,0.8983593126965894,0.32153882400857076,0.3730367912462464,0.17941207738455248,0.1822293710998363,35.66689837995902,23.294976508751706,0.8666666666666667,0.15187654408315818,212.15469360351562,0.0002,0.0001,0,30
51,4.325108809824343,0.884837777029585,0.3133507741822137,0.368115948057837,0.1813045692216191,0.17652079104963275,36.87864945527209,22.658072755993835,0.8333333333333335,0.15267883588870365,,0.0002,0.0001,0,30
52,4.376313411747968,0.8823571511302833,0.31899539759313617,0.3800028540469982,0.1825698122571878,0.18041870250125175,37.815792339330514,23.846599678868763,0.7999999999999998,0.14723274329056343,,0.0002,0.0001,0,30
53,4.312959581059594,0.9117672386610375,0.31133355770855586,0.37546534351589067,0.16659600016242065,0.18218074260508038,38.88668652441674,24.580092886087762,0.7666666666666666,0.1451046408464511,,0.0002,0.0001,0,32
54,4.310137850266916,0.8982483660733258,0.31415803967802614,0.36860329729539376,0.18429365051151425,0.18190596420662822,37.25089672529703,20.95387588431494,0.7333333333333334,0.1576206624507904,,0.0002,0.0001,0,32
55,4.277861166883398,0.8662589954005347,0.31458145653208097,0.3796965839962165,0.1816401016794973,0.17812743615359067,44.45477582691612,21.92542443823902,0.7000000000000001,0.1444091943403085,216.0581817626953,0.0002,0.0001,0,32
56,4.239506799644894,0.9278238789626846,0.30596651112039885,0.37802671309974456,0.1699809484683943,0.17978179029844427,40.36028723628305,22.651053762646857,0.6666666666666667,0.15251253421107927,,0.0002,0.0001,0,32
57,4.166657752019388,0.8311305944014479,0.30964421919650503,0.37750256856282555,0.1806546557729167,0.19704957981766374,39.24873113111987,21.267063473460766,0.6333333333333333,0.1483829574038585,,0.0002,0.0001,0,32
58,4.246794756356772,0.9207609185675965,0.3096300284196804,0.3828892410354402,0.1825167114651159,0.17990558942631302,41.60769069484311,21.3290112377743,0.6,0.14868726953864098,,0.0002,0.0001,0,33
59,4.171104319007308,0.8807730797540259,0.30758640951028576,0.3784714409598598,0.1779250516935631,0.176887492104261,37.5493239951314,22.094048693750374,0.5666666666666667,0.1479957250257333,,0.0002,0.0001,0,33
60,4.169839449282046,0.9231093949189892,0.3037173998852571,0.3929175785570233,0.16801137737757355,0.18745090304011547,40.269616820069245,22.355274769304522,0.5333333333333334,0.14816247560083867,212.99319458007812,0.0002,0.0001,0,33
61,4.149475668094777,0.870445806450314,0.30839997185049234,0.39006028727248865,0.17245446458734848,0.20334441526792943,35.12141200158351,20.54145688806973,0.4999999999999999,0.15750026367604733,,0.0002,0.0001,0,33
62,4.159823568057483,0.8748080997359775,0.31131409335335464,0.368302547810029,0.17203305200336705,0.18335662404825162,38.928244329897396,20.19899223307263,0.4666666666666666,0.1479892238974571,,0.0002,0.0001,0,34
63,4.066262281449695,0.8822221194354192,0.30194888798889735,0.379733705288404,0.1713184270876458,0.18034637556972885,45.05419993804666,20.520149906143256,0.43333333333333335,0.14682888922592005,,0.0002,0.0001,0,35
64,4.03842950352916,0.8711719788197014,0.30117763772054956,0.3887028584325755,0.1662399195962482,0.20139699297853642,40.49032457779089,19.209844201966146,0.4000000000000001,0.14977964187661807,,0.0002,0.0001,0,35
65,4.019171351856656,0.8509069626943933,0.30297445511376414,0.3777813830309444,0.17781495915863801,0.18519075777105712,46.578300391893805,19.252052288888827,0.36666666666666653,0.14274222378929455,208.61407470703125,0.0002,0.0001,0,35
66,4.087182668844859,0.864042594946093,0.30909125440650514,0.39668257526225514,0.17508324954520774,0.19135999036090517,38.790220073385086,17.455599330708935,0.33333333333333326,0.13972892612218857,,0.0002,0.0001,0,35
67,4.018504217818931,0.8672491329963561,0.30373559712811754,0.37966368460544836,0.16864095912832353,0.1959357377072727,35.26793693273899,16.804536935202588,0.3,0.14151692477365335,,0.0002,0.0001,0,35
68,3.954813818136851,0.8619921353404169,0.2985419840448432,0.40275693475096314,0.17579795011767635,0.1957153500592405,38.34707594003238,17.989562241551134,0.2666666666666667,0.14969629906117915,,0.0002,0.0001,0,35
69,3.85239983620467,0.8574464998035519,0.29064392938658046,0.37934591251390953,0.17244720901535066,0.19842041825737666,36.40185329024968,16.617323007785195,0.23333333333333345,0.14500694423913957,,0.0002,0.0001,0,35
70,3.8841992220763593,0.8493568520156705,0.2955066615884954,0.3988788128452089,0.1696955627055082,0.1983461177463821,36.06632135183368,16.81119830352658,0.1999999999999999,0.1416891115407149,201.46044921875,0.0002,0.0001,0,36
71,3.9537081864415384,0.861331581157081,0.30233357949026884,0.414244819660576,0.17068536464532696,0.20271452564697762,33.184989857022224,15.817898985389713,0.16666666666666663,0.14811939323941867,,0.0002,0.0001,0,37
72,3.8240304847558337,0.807417549027337,0.29613157560427983,0.41472885865304204,0.1753374331596273,0.20071425739399812,32.77969312347118,15.84048806442676,0.13333333333333336,0.143245180696249,,0.0002,0.0001,0,37
73,3.7525471135422035,0.8403272199961874,0.2873098971667113,0.39120926887348845,0.1710966993830408,0.1986770153011161,35.08585569780415,15.450181789736224,0.10000000000000009,0.14841010409096878,,0.0002,0.0001,0,37
74,3.753907264161993,0.818746966013202,0.290832972774903,0.4024586414573369,0.17323734437080998,0.19792763296583737,34.01733648850993,15.117956896197182,0.06666666666666654,0.14240487962961196,,0.0002,0.0001,0,37
75,3.833765912233232,0.8490284124603945,0.29704965714739157,0.4272278492723256,0.16525695381208313,0.18608636164269152,36.73719139675934,16.03049612385358,0.03333333333333327,0.14527483495573204,199.5515594482422,0.0002,0.0001,0,39
76,3.743082141876221,0.8520940555190598,0.28909880800379645,0.41604244811115443,0.1647499218652094,0.18226858523363867,42.52039153807537,16.354228927649224,0.0,0.15387056854863962,,0.00019733333333333335,9.866666666666668e-05,0,39
77,3.8722712017871714,0.9018264100507454,0.2970444787983541,0.4219029834700955,0.1680645323668917,0.18125576758412298,46.860217193554554,15.839704213735628,0.0,0.14294413390258948,,0.0001946666666666667,9.733333333333335e-05,0,39
78,3.809265215308578,0.8940513905827646,0.29152138315969045,0.43165650188370985,0.159660512715992,0.18452709068337247,43.44072295082834,15.811450666725401,0.0,0.13907968973120052,,0.000192,9.6e-05,0,39
79,3.7423560579617816,0.8612863297815676,0.2881069729173625,0.4241685068993657,0.16365110828989635,0.19031694919836742,40.06463358301427,15.89484153863933,0.0,0.14891323124368985,,0.00018933333333333335,9.466666666666667e-05,0,39
80,3.6721543659748086,0.85082786882742,0.282132649631801,0.4383472018980582,0.1661088470445604,0.1963882783085716,40.67885317635718,15.954494715455285,0.0,0.14211748242378236,202.1855926513672,0.0001866666666666667,9.333333333333334e-05,0,40
81,3.716567293832386,0.8501360164834307,0.2866431278399501,0.44279804947424906,0.166604254819826,0.19453571103029438,44.01178161426605,15.102597136477332,0.0,0.14224239016572635,,0.00018400000000000003,9.200000000000001e-05,0,41
82,3.7469413284902218,0.859665599051449,0.28872757338815264,0.44059656863963165,0.16185595151036977,0.1943553302506054,37.58998466413554,14.815751000476826,0.0,0.14202235924700896,,0.00018133333333333334,9.066666666666667e-05,0,41
83,3.7330612680686426,0.8765184295973663,0.28565428443322155,0.4361661700238102,0.16096910950770957,0.18822845515962655,40.84833854039287,14.927406916253023,0.0,0.13806670779983202,,0.00017866666666666668,8.933333333333334e-05,0,42
84,3.7114114271269902,0.8659209548323242,0.2845490479910815,0.4343596814407243,0.1621930355516573,0.1893920225677667,43.282568069548674,15.127301096881435,0.0,0.1473367034147183,,0.00017600000000000002,8.800000000000001e-05,0,42
85,3.7216117359973766,0.8599083150150599,0.2861703424817986,0.44039001122668936,0.151683642104682,0.1893430081817011,41.43527021753737,14.704092582221067,0.0,0.14295726257065933,201.25009155273438,0.00017333333333333334,8.666666666666667e-05,0,42
86,3.6307773192723594,0.8487294655845121,0.27820478509421703,0.44833074832955994,0.15807523209670626,0.187527586940538,38.56215766553509,14.551490540319962,0.0,0.14067817330360413,,0.00017066666666666668,8.533333333333334e-05,0,42
87,3.665181287365632,0.8600755414626594,0.28051057504921983,0.4385023422553057,0.15742156383320552,0.18752119441366372,38.80606872938878,14.546439820132008,0.0,0.1527265208462874,,0.000168,8.4e-05,0,43
88,3.6243966227338573,0.8508740158022445,0.27735226060884116,0.4430307124452821,0.15628830313765493,0.19197766802486219,40.30757647473263,15.091195629697674,0.0,0.13710743114352225,,0.00016533333333333333,8.266666666666667e-05,0,44
89,3.623060490025414,0.8517353128227922,0.27713251784443854,0.433829481182275,0.15911910519072855,0.19421969202726527,36.6452599899056,14.853542474635274,0.0,0.14388285192350547,,0.00016266666666666667,8.133333333333334e-05,0,44
90,3.5798541828438086,0.8534626600091104,0.27263915226967245,0.45541877081548726,0.15991188886195973,0.18428584702174972,38.81802808318965,15.116239946299341,0.0,0.13877659775316714,194.4745330810547,0.00016,8e-05,0,44
91,3.62493418475029,0.8782814422376966,0.2746652742097904,0.42654578337974586,0.15172550358666118,0.18778388456878614,40.283979903366024,15.132459767940203,0.0,0.13713271108766398,,0.00015733333333333333,7.866666666666666e-05,0,45
92,3.5797606591825133,0.869375871922131,0.2710384790820104,0.45894300369200886,0.14775779745024112,0.1889048059608925,36.57478989168451,14.597622489483372,0.0,0.13841473360856374,,0.00015466666666666667,7.733333333333333e-05,0,45
93,3.5686533208246582,0.8622821320538168,0.2706371189819442,0.4414047077850059,0.15332692252403057,0.18771816250799156,36.24092696766381,15.012226255965466,0.0,0.14126021141807238,,0.000152,7.6e-05,0,45
94,3.5543049286912987,0.8968530871732919,0.26574518556396165,0.43296677823419927,0.15529064820320518,0.18337102966659047,43.38999822882513,14.992819707983122,0.0,0.14504223981251319,,0.00014933333333333332,7.466666666666666e-05,0,45
95,3.603218115548256,0.8789508572688018,0.2724267256226743,0.46007736461281995,0.15903706986159916,0.18263205483293157,37.17725065873893,14.941575650625694,0.0,0.13639432564377785,193.32388305664062,0.0001466666666666667,7.333333333333334e-05,0,46
96,3.5564680302584613,0.8719467161568226,0.26845213136187307,0.44642460602853035,0.1486026252930363,0.18999973311330434,37.14536415175118,15.126761371981566,0.0,0.14936556269725162,,0.000144,7.2e-05,0,46
97,3.5560058964623344,0.8922953341294217,0.2663710554992711,0.4511360028275737,0.15425505034142623,0.18282665328847036,35.08075437191636,14.828109052471724,0.0,0.13655663120249908,,0.00014133333333333334,7.066666666666667e-05,0,46
98,3.5363836122576515,0.8911525672077026,0.26452310383319855,0.4444649921719793,0.1493003634400735,0.17781890809867731,38.879908635814964,14.93553451237501,0.0,0.14487506467849015,,0.00013866666666666669,6.933333333333334e-05,0,47
99,3.4740731590323977,0.8568879713890729,0.26171851848010663,0.4235303588487484,0.14690924007790507,0.18299073171284463,39.6919747780504,14.655714368992042,0.0,0.14153614199409884,,0.000136,6.8e-05,0,47
100,3.468726582783715,0.8753074525072756,0.2593419130525253,0.4334980732103004,0.15341198207993675,0.17877876427860892,37.41913835892457,14.848115545979503,0.0,0.13590326874206463,196.2884063720703,0.00013333333333333337,6.666666666666668e-05,0,48
101,3.3959656059741974,0.8527714126363949,0.2543194189943649,0.4453689700199498,0.14703683492003217,0.18491140158364067,37.57408898066991,15.431957539319217,0.0,0.16122532666971287,,0.00013066666666666668,6.533333333333334e-05,0,48
102,3.506385034002046,0.9036288507185973,0.26027561760125667,0.4325034352423751,0.14888694933365085,0.18455472706379938,39.29623047267574,15.654001882475882,0.0,0.1443435087800026,,0.00012800000000000002,6.400000000000001e-05,0,49
103,3.412052553892136,0.8882916575228726,0.25237608968659686,0.4580707245954761,0.15231150937853036,0.18000367456460717,38.285023825768526,15.348032581418476,0.0,0.13345429338514805,,0.00012533333333333334,6.266666666666667e-05,0,49
104,3.4786025356363366,0.8851386724522821,0.2593463859624333,0.44988666894259277,0.1476589733355299,0.1861570992472547,38.14666777991139,15.674957030632278,0.0,0.13342663136621316,,0.00012266666666666668,6.133333333333334e-05,0,49
105,3.3925271772940215,0.8815644448674897,0.25109627400568113,0.4344329339398524,0.15037157063429452,0.18302000836159943,39.289204873100516,15.23766825456314,0.0,0.13788481429219246,194.60134887695312,0.00012,6e-05,0,50
106,3.390277985511003,0.8860550703549827,0.25042229159562673,0.45705062167512045,0.14489352243986947,0.1809951698390284,36.89642200664567,15.623339222411206,0.0,0.1354749092211326,,0.00011733333333333334,5.866666666666667e-05,0,50
107,3.380763716388632,0.8984287191596296,0.24823349970910286,0.42727240009440315,0.14261360718972152,0.18317688154746536,35.65844930361469,15.719755649585242,0.0,0.14509850007792313,,0.00011466666666666666,5.733333333333333e-05,0,50
108,3.4293275192931847,0.9127702712322827,0.2516557250309874,0.44054839834570886,0.1483448801976111,0.18224822840549879,36.73728606590145,15.8319669726625,0.0,0.1420490545531114,,0.00011200000000000001,5.6000000000000006e-05,0,50
109,3.3860620205049163,0.8780439980328083,0.2508018027853083,0.473556663427088,0.15013324256158536,0.18336308235992435,34.1183209144677,15.754454884393333,0.0,0.13301813794920841,,0.00010933333333333333,5.466666666666666e-05,0,50
110,3.3337000573057414,0.858275298865474,0.24754247572514917,0.46028502769284435,0.14849515500822294,0.1849052038023003,32.466732105394705,15.64427729777621,0.0,0.13602643025418124,190.9783477783203,0.00010666666666666667,5.333333333333333e-05,0,51
111,3.4206410787723684,0.9026534595147327,0.2517987618015872,0.44509486801646375,0.14181397705925283,0.18567843761433053,38.05665147846047,16.058925963902624,0.0,0.1338755781451861,,0.00010400000000000001,5.2000000000000004e-05,0,51
112,3.3382501825138373,0.8739764400102474,0.24642737455390118,0.4495044928458002,0.14418825728956747,0.17836278183040796,34.27923945303102,15.29470204344345,0.0,0.14038464662929376,,0.00010133333333333332,5.066666666666666e-05,0,51
113,3.3452695995182187,0.8851016065682905,0.24601679904894394,0.45881384414843596,0.1455503884246763,0.18342861085300763,37.10885341705074,15.767497832989072,0.0,0.1464020388821761,,9.866666666666666e-05,4.933333333333333e-05,0,52
114,3.365471536141855,0.9194475172570458,0.2446024014166108,0.4466752946376801,0.14351535786495165,0.17889444657635908,35.239467843748194,15.687131468601644,0.0,0.1376603892693917,,9.6e-05,4.8e-05,0,52
115,3.307683416554127,0.8658544102161846,0.24418290023016354,0.4496532449972209,0.14491284353544517,0.18362794874550462,33.36437165019136,16.117556187173303,0.0,0.134518251940608,189.8701171875,9.333333333333334e-05,4.666666666666667e-05,0,53
116,3.325050130624718,0.9174423077332067,0.24076078232232626,0.44558901683961305,0.14564799201883832,0.179713687170055,34.701120302206306,16.756629194580732,0.0,0.13548146113753318,,9.066666666666668e-05,4.533333333333334e-05,0,54
117,3.321604296979745,0.876450966041473,0.24451533272337161,0.4603251828941653,0.1476243367843703,0.1811372840393452,35.135338966215464,16.35643254472229,0.0,0.13736264978845913,,8.8e-05,4.4e-05,0,55
118,3.280807453614694,0.8854289300463818,0.23953785195394797,0.4341204501964428,0.13735161103239213,0.18429996131539897,35.187417404294564,16.82261738670976,0.0,0.1337343881527583,,8.533333333333334e-05,4.266666666666667e-05,0,55
119,3.2527003392025278,0.8725054664192377,0.23801948808961446,0.43895648690285505,0.1426706148414976,0.18927078253624063,32.855760675585714,16.55848116304254,0.0,0.13638779260218142,,8.266666666666667e-05,4.133333333333333e-05,0,55
120,3.3032165421379935,0.9017091035291,0.24015074421962102,0.45812602346694026,0.14927116850460018,0.17986444132747473,31.47353356540487,16.453983335231904,0.0,0.13793687671422958,193.45970153808594,8e-05,4e-05,0,55
121,3.310799128479428,0.8965649411082268,0.24142341903514333,0.45335415557578757,0.1380855524877983,0.17445143820648945,34.01207904876881,16.360091971878177,0.0,0.1481427287062009,,7.733333333333335e-05,3.8666666666666674e-05,0,55
122,3.2565004134266795,0.9062050513119946,0.2350295361366857,0.45473955264211147,0.1458067652045794,0.1781494211973311,33.76322887788438,17.384097297403212,0.0,0.13913077811400096,,7.466666666666666e-05,3.733333333333333e-05,0,57
123,3.2365207961312046,0.9003313611778948,0.23361894353120416,0.46200307116464334,0.14344590627760798,0.17801420136734292,32.05075070954461,16.78849655242027,0.0,0.13624596409499645,,7.2e-05,3.6e-05,0,57
124,3.227472058490471,0.8846036745442285,0.2342868381076389,0.4492657354032552,0.14420727325465393,0.17645698917891692,34.50285843062268,17.15704908035987,0.0,0.1407775984456142,,6.933333333333334e-05,3.466666666666667e-05,0,57
125,3.2272080059404726,0.8961239368827255,0.2331084059620345,0.4348761472437117,0.14338365731484912,0.1778299551181219,33.59717566414947,17.13332732788631,0.0,0.1384704576184352,191.16543579101562,6.666666666666668e-05,3.333333333333334e-05,0,57
126,3.2610041750801932,0.8964473926358753,0.236455677366919,0.4561792942660826,0.1438809968393158,0.18160786278614843,32.558918583986035,17.817504379087552,0.0,0.13764627501368523,,6.4e-05,3.2e-05,0,57
127,3.228553360158747,0.9070397035282707,0.2321513654847313,0.4458109971156589,0.14011584292813886,0.17831321803642117,29.06022306152104,17.391530803825905,0.0,0.15234011573096115,,6.133333333333334e-05,3.066666666666667e-05,0,58
128,3.1904372549676276,0.9097032177923783,0.22807340326689612,0.46098998620249126,0.1362676626876522,0.17466514959502863,33.96222164809336,18.11995428518267,0.0,0.1444625457127889,,5.866666666666667e-05,2.9333333333333336e-05,0,59
129,3.2191016338489673,0.9316134174940762,0.22874882113602427,0.4698623292975955,0.13161281377284062,0.17463228280863,30.789023211994834,17.70232572970346,0.0,0.14864944455524284,,5.6000000000000006e-05,2.8000000000000003e-05,0,59
130,3.2141576577115942,0.9218473667347873,0.22923102881069538,0.4629957559208075,0.12862768314295897,0.1793177800597968,33.5817428377625,17.800764150297816,0.0,0.1383514472593864,189.5503387451172,5.333333333333335e-05,2.6666666666666673e-05,0,59
131,3.2006136860166277,0.9395000326113709,0.22611136560316208,0.4399438856484054,0.1410383431928609,0.16491253528889124,34.49429641496944,17.56122678079517,0.0,0.1357573051005602,,5.066666666666666e-05,2.533333333333333e-05,0,60
132,3.17185904096674,0.9297204248607158,0.22421386186723355,0.447312987871744,0.13492732216707534,0.1770476804011398,30.890679073434175,17.53411289879805,0.0,0.1398700584967931,,4.8e-05,2.4e-05,0,60
133,3.2067774061803465,0.9287449933864452,0.22780324093721532,0.4490413693918122,0.13551009113176002,0.1725306854824777,31.885205181846853,18.189455355568853,0.0,0.14065435963372389,,4.533333333333334e-05,2.266666666666667e-05,0,60
134,3.163623041036178,0.9210579291898378,0.22425651110722536,0.4378515961329437,0.14052901705571472,0.17476950419102563,30.478169425756207,18.506265409021484,0.0,0.1382038057471315,,4.2666666666666676e-05,2.1333333333333338e-05,0,61
135,3.17993603743516,0.919313802236971,0.2260622232046552,0.4483251074028369,0.13281675619945787,0.17587977576247504,34.40218882933821,18.09755665328653,0.0,0.13996744093795618,190.8192901611328,3.999999999999999e-05,1.9999999999999995e-05,0,62
136,3.1210122565428415,0.9122934378131672,0.22087188241658387,0.43991815345706764,0.12790239795145614,0.1788933148055717,29.592863594319578,17.815350523987874,0.0,0.14341860512892404,,3.733333333333333e-05,1.8666666666666665e-05,0,62
137,3.1417633489326193,0.9131358393916378,0.2228627492984136,0.45185203701257703,0.13849225893823636,0.17872594115496784,30.81216495708526,19.23596937404896,0.0,0.1415042335788409,,3.466666666666667e-05,1.7333333333333336e-05,0,62
138,3.1395348242035617,0.9317686200969749,0.22077661995534545,0.4504855452036416,0.13128039806529326,0.17888455838999814,29.576184784428975,18.744991891287018,0.0,0.1417729162921508,,3.2000000000000005e-05,1.6000000000000003e-05,0,62
139,3.200957852745764,0.9461242405625133,0.22548336191500273,0.4476984168414946,0.1309155678317808,0.17145321461854154,32.947515754966055,18.597523938513227,0.0,0.13443743400275707,,2.9333333333333322e-05,1.4666666666666661e-05,0,63
140,3.1465710574045693,0.9515402794216029,0.21950307756607076,0.44895080320799724,0.13169273397503403,0.17385152530733752,32.63949776662258,18.713123426283175,0.0,0.13093722909688948,191.378173828125,2.6666666666666663e-05,1.3333333333333332e-05,0,64
141,3.1663178278340234,0.9538269520633751,0.22124908707208105,0.4495142096998515,0.13225284648921204,0.17404607817944553,32.064575857647995,18.955691474592097,0.0,0.13478712228437265,,2.4e-05,1.2e-05,0,64
142,3.1527046658374647,0.9741789440589922,0.21785257257245205,0.4510490362842878,0.12836375857048013,0.16945853153312648,27.267808564503955,18.560688835686108,0.0,0.13730463596681755,,2.1333333333333338e-05,1.0666666666666669e-05,0,64
143,3.14610290682161,0.9712802207370415,0.21748226760767386,0.4497377420179477,0.13375121352292169,0.1751673715033591,27.597541967518556,19.08009904162705,0.0,0.13321938167015712,,1.8666666666666675e-05,9.333333333333338e-06,0,65
144,3.1225817376032388,0.9955430131453973,0.21270387213338504,0.45572344828846284,0.13149075730529255,0.16820638636489968,29.522986855702467,19.100840829133098,0.0,0.14885439338783424,,1.5999999999999992e-05,7.999999999999996e-06,0,66
145,3.1513641695993986,1.0038807396551934,0.21474834307197302,0.44366730389541853,0.1276481985997367,0.17131451528768668,30.543363527818013,18.99856375562058,0.0,0.1400428590675195,192.79286193847656,1.3333333333333332e-05,6.666666666666666e-06,0,68
146,3.158025987515423,0.994578843628763,0.21634471427531765,0.4509929605450391,0.13021905718160473,0.17330376346334678,31.385592073464636,18.968488568193326,0.0,0.13872321496407192,,1.0666666666666669e-05,5.3333333333333345e-06,0,69
147,3.1718111391420716,1.0141422244685667,0.2157668913818068,0.45890856012701986,0.12693396021301548,0.17323532610510786,36.823169589079164,19.23916641172347,0.0,0.13814142358799775,,8.000000000000008e-06,4.000000000000004e-06,0,69
148,3.1143989982428373,0.9914891432280893,0.21229098545456374,0.46249959419171016,0.12922987621450038,0.17662881239558811,33.06537092556361,19.152405305167903,0.0,0.14245590058465799,,5.3333333333333235e-06,2.6666666666666617e-06,0,69
149,3.147447074563415,1.0161008742120532,0.213134619841973,0.4542731148777185,0.12386020692065358,0.17453095659061715,27.86968354872128,19.326070845579153,0.0,0.1401006421695153,,2.6666666666666617e-06,1.3333333333333309e-06,0,69
150,3.086639935762409,0.9914566580351297,0.2095183275626188,0.44866840826115933,0.1266054790086892,0.17778293746964166,32.247038221721255,19.235660783438682,0.0,0.1386982910335064,192.00064086914062,0.0,0.0,0,70
