image,cycle_l1,lpips_change,lpips_rec,content_cos
000c1e3bff.jpg,0.03532817214727402,0.45924603939056396,0.30856478214263916,0.6525976061820984
011835cfbf.jpg,0.06529738008975983,0.35133740305900574,0.41247159242630005,0.7678400278091431
0260d15306.jpg,0.031993936747312546,0.6091042757034302,0.33462440967559814,0.6577507257461548
049e293b93.jpg,0.03431243821978569,0.5088491439819336,0.34660184383392334,0.6210310459136963
05144e306f.jpg,0.0304005928337574,0.5410498976707458,0.3338107466697693,0.7119963765144348
052a77c020.jpg,0.048975296318531036,0.24671676754951477,0.29505857825279236,0.7632108926773071
058f878b7c.jpg,0.03917427361011505,0.45067131519317627,0.36291077733039856,0.808793306350708
05b493ff42.jpg,0.0402333065867424,0.5081412196159363,0.337902307510376,0.8781075477600098
064487d630.jpg,0.03540094196796417,0.3481884300708771,0.26854753494262695,0.7573281526565552
066fe4cbaa.jpg,0.04536203667521477,0.2900293171405792,0.2903919219970703,0.8216423988342285
07fcaee35f.jpg,0.021704010665416718,0.4747857451438904,0.2257383167743683,0.6591067314147949
09b76b6471.jpg,0.07672490179538727,0.4240936040878296,0.5156802535057068,0.7101772427558899
0a5075d42a.jpg,0.05018046498298645,0.4018744230270386,0.31757211685180664,0.6854277849197388
0bd913dbc7.jpg,0.04962158203125,0.4291924834251404,0.416700154542923,0.707410454750061
0e3b3292da.jpg,0.034213900566101074,0.41711345314979553,0.24879410862922668,0.7172891497612
106757e5d8.jpg,0.03384018689393997,0.4446025788784027,0.2862042188644409,0.69182288646698
1078363ff0.jpg,0.04606150835752487,0.3459567725658417,0.3494732975959778,0.7809475660324097
10c555c1b1.jpg,0.04906443879008293,0.242180734872818,0.24082814157009125,0.9199902415275574
118da0690c.jpg,0.05342227220535278,0.461395263671875,0.44012486934661865,0.7511378526687622
11ab570c5e.jpg,0.03914428874850273,0.43751025199890137,0.3803008794784546,0.7691529393196106
11be65b3e9.jpg,0.04106903076171875,0.3995878994464874,0.3131334185600281,0.7759877443313599
133b42e498.jpg,0.0348605215549469,0.36507678031921387,0.2545267939567566,0.7017061114311218
14162de938.jpg,0.05704985186457634,0.3789822459220886,0.4773179888725281,0.7932970523834229
14ff6e6a99.jpg,0.04648918658494949,0.3475635349750519,0.34635549783706665,0.6837773323059082
158740962c.jpg,0.03097628802061081,0.5021411180496216,0.30620789527893066,0.7147884368896484
16dabe418c.jpg,0.05374377965927124,0.4138544797897339,0.4449244439601898,0.7553374171257019
17557a29cb.jpg,0.058397047221660614,0.397522509098053,0.4289706349372864,0.748480498790741
1814cc6632.jpg,0.05456734821200371,0.5403720140457153,0.5405445694923401,0.7694650888442993
184d6c66cd.jpg,0.03344884514808655,0.36893489956855774,0.21481890976428986,0.6575758457183838
1994b8d4a2.jpg,0.0386265404522419,0.3951580822467804,0.27199023962020874,0.6738682389259338
19dc36ccb2.jpg,0.039192307740449905,0.4608047306537628,0.2864799499511719,0.7379950284957886
1a127acf4d.jpg,0.0374019630253315,0.3030920922756195,0.31385019421577454,0.8464946746826172
1e4e4e63c5.jpg,0.06810995936393738,0.4956774413585663,0.5597084164619446,0.8217413425445557
1f22663e72.jpg,0.0394468829035759,0.4062535762786865,0.232700914144516,0.7486118674278259
1f9667f2a7.jpg,0.03634960204362869,0.540978729724884,0.3005121052265167,0.7573639750480652
22b1ac6b44.jpg,0.03156159445643425,0.31087860465049744,0.2534269690513611,0.8839501738548279
23832dead5.jpg,0.0406503826379776,0.4099079370498657,0.3668641448020935,0.8205270767211914
23b07c3769.jpg,0.04352188855409622,0.43784770369529724,0.5281025767326355,0.7870514392852783
23d6aeb485.jpg,0.030859138816595078,0.5930840373039246,0.3897040784358978,0.6677300930023193
23f0fbd77e.jpg,0.037068016827106476,0.27122944593429565,0.21632389724254608,0.6897302269935608
24af733334.jpg,0.05398792028427124,0.41086578369140625,0.4887564778327942,0.719155490398407
252d9a4abc.jpg,0.037956949323415756,0.35224324464797974,0.3015293776988983,0.6992766261100769
2581464ddc.jpg,0.04354015737771988,0.2769218683242798,0.2603263258934021,0.7561017870903015
25c9904782.jpg,0.04677492380142212,0.3907957077026367,0.3756752014160156,0.7295281887054443
26b66eb819.jpg,0.036623165011405945,0.4593895673751831,0.2805539071559906,0.7757636904716492
2759c1ed37.jpg,0.044461242854595184,0.46801555156707764,0.4099850058555603,0.6296288967132568
281b73fb5e.jpg,0.04497409984469414,0.2931012809276581,0.3293050527572632,0.7785372138023376
28deb43a71.jpg,0.048295505344867706,0.24794155359268188,0.17911018431186676,0.7215785384178162
295eb5c521.jpg,0.046941112726926804,0.5913931131362915,0.4947775900363922,0.7008401155471802
29696b4455.jpg,0.04029073566198349,0.5804646611213684,0.3742313086986542,0.6088312864303589
2acfbab228.jpg,0.048159074038267136,0.3624227046966553,0.29848533868789673,0.7609314918518066
2c00f5147f.jpg,0.0444413498044014,0.39695602655410767,0.38238927721977234,0.8041996359825134
2cca56415e.jpg,0.04530758410692215,0.5193951725959778,0.3917098045349121,0.7280848026275635
2e0d0e6e19.jpg,0.03308050334453583,0.6273318529129028,0.32101866602897644,0.6970188617706299
2f20944b6a.jpg,0.05525854974985123,0.4170651435852051,0.4520907402038574,0.6949623823165894
2f90c99e10.jpg,0.05090145394206047,0.40066349506378174,0.462462842464447,0.7227866053581238
3283442e33.jpg,0.036453768610954285,0.4745432436466217,0.3118671774864197,0.6799330711364746
32cc820303.jpg,0.050880491733551025,0.35160592198371887,0.31833416223526,0.7539933323860168
32e33792cc.jpg,0.040875330567359924,0.3100917935371399,0.23766545951366425,0.8801440000534058
3417ace946.jpg,0.04116055741906166,0.5428401231765747,0.3173295855522156,0.7628356218338013
344d1829bb.jpg,0.060791514813899994,0.3281446099281311,0.505142092704773,0.7961807250976562
3545597386.jpg,0.04543096944689751,0.30177631974220276,0.32730934023857117,0.7397371530532837
369f6d07e8.jpg,0.05236368998885155,0.4969508647918701,0.4393804669380188,0.5843105316162109
3843e221cc.jpg,0.06394468992948532,0.3980250954627991,0.4870963990688324,0.7260875701904297
3b262c6726.jpg,0.039399370551109314,0.40670502185821533,0.2796778380870819,0.6468299627304077
3c341ff93e.jpg,0.05028726905584335,0.4504743218421936,0.34616461396217346,0.7672232389450073
3d13fe022e.jpg,0.04383824020624161,0.4785309433937073,0.3229162096977234,0.6607691049575806
3deea9f4a4.jpg,0.029808929190039635,0.5724641680717468,0.3237929046154022,0.6931358575820923
3eaef3ee43.jpg,0.03298661485314369,0.5745725035667419,0.314344197511673,0.7754456996917725
40d7d18ad3.jpg,0.04676910862326622,0.437894731760025,0.4432763159275055,0.7467426061630249
417e77e946.jpg,0.02632949873805046,0.431777685880661,0.32001960277557373,0.6923868656158447
4260d1c556.jpg,0.05262947827577591,0.3849503993988037,0.34322163462638855,0.6925277709960938
429e382095.jpg,0.035019539296627045,0.43634891510009766,0.29333698749542236,0.5663809776306152
463835bbc6.jpg,0.034608714282512665,0.5100943446159363,0.35500481724739075,0.7468804121017456
4660310c3e.jpg,0.04148577153682709,0.4370467960834503,0.4145357608795166,0.766412079334259
47a0548067.jpg,0.030194900929927826,0.5717219114303589,0.2609003782272339,0.5303560495376587
488600cb75.jpg,0.031514786183834076,0.43230995535850525,0.3055543303489685,0.7033463716506958
49337b68f4.jpg,0.05201120302081108,0.37498360872268677,0.3239140212535858,0.7619501948356628
4995c04b1a.jpg,0.03708221763372421,0.27302685379981995,0.1646953821182251,0.7942453622817993
4ab2583fe2.jpg,0.054503556340932846,0.3406646251678467,0.33740925788879395,0.8280887603759766
4ad8b366c1.jpg,0.03880686312913895,0.44483762979507446,0.3595900535583496,0.7451633214950562
4b0adf7c6f.jpg,0.041854068636894226,0.3831026554107666,0.2969229221343994,0.7977889776229858
4bb4ca7b03.jpg,0.040039386600255966,0.4264761507511139,0.2595609724521637,0.8428106307983398
4c0e35882c.jpg,0.050717469304800034,0.43807482719421387,0.3894621729850769,0.7157740592956543
4c74254ad3.jpg,0.04598507285118103,0.36376050114631653,0.3745705485343933,0.7311433553695679
4e05523825.jpg,0.04324110597372055,0.41463154554367065,0.2925984859466553,0.7628148794174194
4f045779b0.jpg,0.04373663291335106,0.422680526971817,0.3210090696811676,0.7595241665840149
4f3f4ff590.jpg,0.04436410591006279,0.35334694385528564,0.3023601770401001,0.7548602819442749
4f4de0bbba.jpg,0.04014238715171814,0.24973219633102417,0.1990731954574585,0.7951929569244385
4f7e01f097.jpg,0.08592213690280914,0.5745410919189453,0.7768301963806152,0.7466399669647217
50855dd324.jpg,0.044895466417074203,0.3184337913990021,0.2891712784767151,0.7220113277435303
512cd171a9.jpg,0.04940332472324371,0.39321091771125793,0.37289959192276,0.7258244156837463
5185e8c56a.jpg,0.020968351513147354,0.35579895973205566,0.19853490591049194,0.6938588619232178
51bdd25f76.jpg,0.04727378115057945,0.4185093641281128,0.3072870373725891,0.7618032693862915
51db3fc011.jpg,0.04841598868370056,0.23854124546051025,0.30771422386169434,0.847676157951355
526a110636.jpg,0.04225529357790947,0.36675092577934265,0.38503924012184143,0.7360961437225342
52aed0f943.jpg,0.04896112531423569,0.36242198944091797,0.38158780336380005,0.7791835069656372
52d12dc627.jpg,0.04098325967788696,0.31203800439834595,0.24598976969718933,0.7799829244613647
52fc351abf.jpg,0.048338454216718674,0.3296665549278259,0.2720337510108948,0.7049422860145569
536aa87152.jpg,0.03616718202829361,0.5482409596443176,0.40448546409606934,0.6841264367103577
565f19268b.jpg,0.04611264914274216,0.4353204667568207,0.37721505761146545,0.7360948324203491
586acab7c5.jpg,0.033791348338127136,0.46350082755088806,0.4398953914642334,0.6840946078300476
5926f85cbf.jpg,0.03759319335222244,0.49265941977500916,0.43350648880004883,0.7119468450546265
593db29cce.jpg,0.036995742470026016,0.4021112322807312,0.2115844190120697,0.7799302339553833
599098859e.jpg,0.04173498600721359,0.3907366394996643,0.39889660477638245,0.6906803846359253
59df696966.jpg,0.04291583225131035,0.4708036184310913,0.43078863620758057,0.649840235710144
5aa514ffac.jpg,0.025929128751158714,0.3988721966743469,0.25269702076911926,0.7677310109138489
5c79cfe0b3.jpg,0.04284757003188133,0.3461601734161377,0.38878148794174194,0.7874132394790649
5cb895b722.jpg,0.05427165329456329,0.35152438282966614,0.39654073119163513,0.7472500801086426
5e357ad790.jpg,0.047339968383312225,0.4579243063926697,0.453003853559494,0.7790071964263916
5ffbfe68d4.jpg,0.033524289727211,0.36373084783554077,0.2801969647407532,0.6937854290008545
6043aadea0.jpg,0.04089770466089249,0.3763083815574646,0.333055704832077,0.7955262660980225
608ee0d370.jpg,0.04764198884367943,0.6545617580413818,0.3122900128364563,0.6966419219970703
61e735361a.jpg,0.039663977921009064,0.46940097212791443,0.3594377040863037,0.7389044761657715
632ddbc784.jpg,0.025205371901392937,0.6130616664886475,0.2838129699230194,0.6152699589729309
661e374153.jpg,0.0379459485411644,0.4850054383277893,0.31727156043052673,0.5808109045028687
66226e18fc.jpg,0.03520406410098076,0.4235805869102478,0.26042014360427856,0.7619397640228271
66a144f547.jpg,0.03695955500006676,0.5072199702262878,0.3609340786933899,0.8380016088485718
6742294320.jpg,0.04020564630627632,0.40337011218070984,0.2958390414714813,0.6248233318328857
676a5a4c2e.jpg,0.0537540465593338,0.39618805050849915,0.4163615107536316,0.7490715980529785
6782e7cb2a.jpg,0.08070105314254761,0.4248945415019989,0.4922129213809967,0.7229130268096924
68729aac07.jpg,0.04070276767015457,0.580288827419281,0.44075727462768555,0.7646403312683105
68b60c04b7.jpg,0.030185852199792862,0.5604844093322754,0.21201615035533905,0.6427097320556641
68d60af226.jpg,0.042469918727874756,0.2920234501361847,0.2884557545185089,0.797918438911438
695897bd4a.jpg,0.047267645597457886,0.41944244503974915,0.42681437730789185,0.6892478466033936
69f4b75a37.jpg,0.041155263781547546,0.44570988416671753,0.34965187311172485,0.7801076173782349
6a03aea8be.jpg,0.02367190085351467,0.5246881246566772,0.29990535974502563,0.7556734681129456
6bbe0e63c6.jpg,0.05200466513633728,0.2928691804409027,0.30030685663223267,0.802830696105957
6bfbd1df5b.jpg,0.04503723233938217,0.39777666330337524,0.3335456848144531,0.7239711284637451
6c6cc46498.jpg,0.03669791668653488,0.29096969962120056,0.24132266640663147,0.7231389284133911
6d0e87f557.jpg,0.07392691820859909,0.5768401026725769,0.6520318388938904,0.8116586208343506
6e0429f92e.jpg,0.03969389945268631,0.2909010052680969,0.29082444310188293,0.6737120747566223
6ee7c39dbc.jpg,0.04586600512266159,0.3332117199897766,0.34432530403137207,0.8690276145935059
6f0b9df5c5.jpg,0.03300607204437256,0.34156012535095215,0.16395792365074158,0.7938332557678223
7017e6caa1.jpg,0.05926549434661865,0.4969980716705322,0.502391517162323,0.8346585035324097
7054793632.jpg,0.032898660749197006,0.367488831281662,0.21806535124778748,0.7561243772506714
70bc945f95.jpg,0.04595186561346054,0.6142812967300415,0.4509376287460327,0.6594289541244507
718445ebe3.jpg,0.04092247411608696,0.4500417709350586,0.3317984640598297,0.830979585647583
7239ba0b55.jpg,0.04893752187490463,0.47129225730895996,0.3571060299873352,0.6694868803024292
730f325b64.jpg,0.04450488090515137,0.32583680748939514,0.2517118453979492,0.7640621066093445
732d76a469.jpg,0.042536407709121704,0.4440978765487671,0.27968528866767883,0.6031588315963745
7341d96c1d.jpg,0.03764186426997185,0.37701064348220825,0.31398820877075195,0.7771162390708923
73f33a12c5.jpg,0.035199932754039764,0.3584116995334625,0.23872700333595276,0.7103042602539062
74e452fb31.jpg,0.0351252518594265,0.33546727895736694,0.19891288876533508,0.6862778663635254
76cc7181f8.jpg,0.05806514620780945,0.34256651997566223,0.31506040692329407,0.8568074703216553
77b37629f2.jpg,0.03680002689361572,0.4707315266132355,0.29448944330215454,0.7507697343826294
79224da51f.jpg,0.04058912396430969,0.2672892212867737,0.26126497983932495,0.8424656391143799
79292e1434.jpg,0.03700028359889984,0.4110822379589081,0.2258819192647934,0.8133022785186768
7952021d2f.jpg,0.041598230600357056,0.42661523818969727,0.3706207275390625,0.6376962661743164
7960adbd50.jpg,0.044701091945171356,0.5156863331794739,0.39714378118515015,0.6933774948120117
7cb36714d0.jpg,0.039886072278022766,0.37510502338409424,0.37188977003097534,0.8264472484588623
7d64c3100c.jpg,0.03670240566134453,0.48471182584762573,0.4422968924045563,0.7074514627456665
8044a92484.jpg,0.05005612596869469,0.27702605724334717,0.24035808444023132,0.7299348711967468
8077b7e9e7.jpg,0.06479836255311966,0.31705212593078613,0.3708028197288513,0.8105891942977905
8114fa2607.jpg,0.06331833451986313,0.40825948119163513,0.46021363139152527,0.7537173628807068
815624563e.jpg,0.05446677654981613,0.2603110671043396,0.27079734206199646,0.8482078313827515
82991e742a.jpg,0.04109342396259308,0.5178095698356628,0.36986514925956726,0.7113316059112549
82b9fd68b1.jpg,0.056099243462085724,0.36305519938468933,0.45623859763145447,0.7295708656311035
8314acfd35.jpg,0.05962006747722626,0.5235862731933594,0.5309467315673828,0.6501044034957886
853f8d711f.jpg,0.04899632930755615,0.49464431405067444,0.46690332889556885,0.7670531272888184
85580214be.jpg,0.05858443304896355,0.4038046896457672,0.30709514021873474,0.7141706943511963
88402296cc.jpg,0.039915941655635834,0.34411031007766724,0.2421332150697708,0.8433412313461304
893db2701d.jpg,0.05411980673670769,0.3276437222957611,0.41919049620628357,0.7620571851730347
89964efa86.jpg,0.03157433494925499,0.30444279313087463,0.2179400473833084,0.7864781618118286
89d970411d.jpg,0.043545447289943695,0.5257185101509094,0.31503546237945557,0.6789518594741821
89fcbf2f76.jpg,0.03505682572722435,0.5171116590499878,0.3453097641468048,0.6852381825447083
8b54448a07.jpg,0.03864563629031181,0.5213832855224609,0.28205248713493347,0.8231320977210999
8b7948248f.jpg,0.037619005888700485,0.29449930787086487,0.2656480669975281,0.7513679265975952
8b841420b4.jpg,0.03419513255357742,0.26881903409957886,0.23297908902168274,0.8292390704154968
8c48e112d0.jpg,0.04320450872182846,0.3836946487426758,0.3391801118850708,0.6589254140853882
8c8011c291.jpg,0.05646105855703354,0.3410438299179077,0.3804486393928528,0.8344371318817139
8cfd45a2e2.jpg,0.06768663227558136,0.6696380972862244,0.6923933029174805,0.5983357429504395
8e5ff15568.jpg,0.056470196694135666,0.3019815683364868,0.30961084365844727,0.6497339010238647
8ee2933868.jpg,0.038452453911304474,0.18967431783676147,0.15228958427906036,0.8016215562820435
8f02369f42.jpg,0.03664061427116394,0.26931917667388916,0.21244975924491882,0.8060264587402344
910610e827.jpg,0.0257318913936615,0.4363771080970764,0.22689585387706757,0.6258571147918701
910729e0ce.jpg,0.04337533563375473,0.41894054412841797,0.41730523109436035,0.8444933891296387
92c0ba8c0d.jpg,0.04184761643409729,0.29559800028800964,0.29204243421554565,0.8471747636795044
93132f89ee.jpg,0.05984529107809067,0.39875328540802,0.41075241565704346,0.5775196552276611
932d0dd808.jpg,0.06159544736146927,0.48375847935676575,0.43175339698791504,0.709837794303894
95a53d7b0b.jpg,0.05458887666463852,0.26764097809791565,0.2817651331424713,0.9247404336929321
95b5f01a85.jpg,0.04093795269727707,0.2762468457221985,0.2268412709236145,0.7779444456100464
9843bc25c5.jpg,0.039462655782699585,0.2385300099849701,0.18264159560203552,0.8433661460876465
9908d1daa9.jpg,0.05993133410811424,0.32697662711143494,0.3744209408760071,0.721531331539154
990ed28f62.jpg,0.04029266536235809,0.30783015489578247,0.2593972682952881,0.8504084348678589
9963d64ebf.jpg,0.023343022912740707,0.4529004693031311,0.28743353486061096,0.6216299533843994
99a51d3e25.jpg,0.04301995038986206,0.36141300201416016,0.36016029119491577,0.8050698041915894
99d94af5dd.jpg,0.04006063938140869,0.35918867588043213,0.24659380316734314,0.8014524579048157
9ae6552353.jpg,0.03273391351103783,0.41057297587394714,0.32468104362487793,0.8012027740478516
9d58456cc3.jpg,0.05569642037153244,0.47509095072746277,0.5076860785484314,0.7769596576690674
9d9a4fccfb.jpg,0.03438180685043335,0.6950528621673584,0.3379907011985779,0.6106658577919006
9db9843ed1.jpg,0.0433167964220047,0.39153680205345154,0.3557409346103668,0.6777039170265198
9f409e3376.jpg,0.038186103105545044,0.3191550374031067,0.2541252374649048,0.7429808378219604
9fc868e864.jpg,0.03481944650411606,0.3797070384025574,0.22086551785469055,0.6647457480430603
a030bc32e6.jpg,0.046808019280433655,0.5326390266418457,0.360699862241745,0.633063554763794
a06b54dfe9.jpg,0.027533134445548058,0.4817426800727844,0.3117353916168213,0.7279345989227295
a202b1b200.jpg,0.044463641941547394,0.31059426069259644,0.312225878238678,0.8401011228561401
a210ceedc7.jpg,0.057506393641233444,0.3041311502456665,0.3648214340209961,0.8503226637840271
a4e4a61fb2.jpg,0.04507448524236679,0.3600912094116211,0.3571489453315735,0.7334446310997009
a59f3f5b89.jpg,0.05874263867735863,0.2987767159938812,0.31280195713043213,0.8154863119125366
a619072f82.jpg,0.07508938014507294,0.4435459077358246,0.5901762247085571,0.7178322076797485
a6291c2a1c.jpg,0.04583897814154625,0.364679753780365,0.2818181812763214,0.7261000871658325
a642e9cb6f.jpg,0.058780889958143234,0.39720696210861206,0.3751194179058075,0.6579042673110962
a7977705be.jpg,0.04993404448032379,0.38819217681884766,0.3284171223640442,0.7729331851005554
a7d53885e8.jpg,0.07595095038414001,0.3219984769821167,0.5718302130699158,0.7538038492202759
a885da7b52.jpg,0.057519152760505676,0.31903448700904846,0.3711058795452118,0.7714725732803345
a8fbbe3eb1.jpg,0.03399857133626938,0.2687526345252991,0.2271290123462677,0.7671517729759216
a96b79a93f.jpg,0.05098328739404678,0.5257437229156494,0.43918800354003906,0.6656588912010193
aa76c7625a.jpg,0.04976629465818405,0.44057750701904297,0.36210933327674866,0.6457006931304932
ad0101d010.jpg,0.07844787836074829,0.38899847865104675,0.4948037266731262,0.7016469240188599
ad8ce41fc0.jpg,0.042599599808454514,0.3441700041294098,0.29112744331359863,0.7870713472366333
b1310da865.jpg,0.055197250097990036,0.35440659523010254,0.4248225688934326,0.8368090391159058
b13c0973ee.jpg,0.040191151201725006,0.44149529933929443,0.2579164505004883,0.7523346543312073
b1ea5d5a7d.jpg,0.03280433267354965,0.4859895408153534,0.2851056456565857,0.7534089684486389
b256e61a5d.jpg,0.045074544847011566,0.35648995637893677,0.3383280336856842,0.6648955941200256
b2ce76c750.jpg,0.04696783423423767,0.49072030186653137,0.3726188838481903,0.7031577229499817
b3adc75e7d.jpg,0.03594483807682991,0.3534298539161682,0.27771228551864624,0.7920554876327515
b44f24c048.jpg,0.05357765778899193,0.36530470848083496,0.3633911609649658,0.8043320775032043
b5c2fe7c4c.jpg,0.04408695548772812,0.5563702583312988,0.36798569560050964,0.7652212381362915
b76d52e05a.jpg,0.05892513319849968,0.3753259778022766,0.42119622230529785,0.7656688094139099
b99546090b.jpg,0.039199769496917725,0.38604575395584106,0.31460610032081604,0.6992993354797363
ba52f976af.jpg,0.03562108427286148,0.34478798508644104,0.3028359115123749,0.7212034463882446
baf6efabfe.jpg,0.0470898374915123,0.2515714466571808,0.2966466546058655,0.7829583287239075
bbc5ac4564.jpg,0.06160864233970642,0.3737487196922302,0.36980944871902466,0.7492344379425049
bc4b364a44.jpg,0.046303264796733856,0.38044923543930054,0.3923826813697815,0.7733173370361328
bf6db09354.jpg,0.032069869339466095,0.3175202012062073,0.2689213156700134,0.7595783472061157
c14505c1da.jpg,0.03206811845302582,0.3320435583591461,0.1772671937942505,0.8182924389839172
c1dc1a85a4.jpg,0.041915200650691986,0.36017370223999023,0.2650018036365509,0.839734673500061
c2576267d4.jpg,0.05962253734469414,0.5592188835144043,0.43269047141075134,0.6779457330703735
c4622e3fb6.jpg,0.02623482048511505,0.36316028237342834,0.31306788325309753,0.707263708114624
c67ba2060c.jpg,0.04847743362188339,0.4561185836791992,0.47211435437202454,0.6925594210624695
c68c52e8fc.jpg,0.03598879277706146,0.28998252749443054,0.21482813358306885,0.749222457408905
c6c360756c.jpg,0.04210078716278076,0.4159652590751648,0.25474071502685547,0.7936407327651978
c6c88ce9c4.jpg,0.0567634180188179,0.42937058210372925,0.43605878949165344,0.6691378355026245
c78b4fa3a9.jpg,0.04603913426399231,0.2297574281692505,0.1972097009420395,0.6958717703819275
c7d8142152.jpg,0.03848173841834068,0.42812424898147583,0.28309759497642517,0.7910423278808594
cb50326950.jpg,0.042691390961408615,0.2626451551914215,0.2832454442977905,0.8098586201667786
cb9c553ded.jpg,0.03016739711165428,0.5113906860351562,0.32728734612464905,0.6878650188446045
cc2bb659f4.jpg,0.0555940680205822,0.28814101219177246,0.29979801177978516,0.8093743324279785
cd6623d07d.jpg,0.041614122688770294,0.4076334834098816,0.25495070219039917,0.6487802267074585
cdddf326e3.jpg,0.035131361335515976,0.5932825803756714,0.3700038194656372,0.7225813865661621
ce3e0daddd.jpg,0.037468742579221725,0.48837727308273315,0.36629319190979004,0.7973856925964355
ceb6cf5f31.jpg,0.05956367775797844,0.3045191764831543,0.31390270590782166,0.8826442360877991
cf6488d84c.jpg,0.05684729665517807,0.44976019859313965,0.3676965534687042,0.5777021646499634
cfc6fce7b5.jpg,0.033688224852085114,0.4405158460140228,0.3034391701221466,0.7630369663238525
d05cab011d.jpg,0.03156767040491104,0.2815251350402832,0.19120821356773376,0.7930244207382202
d087730b76.jpg,0.047167591750621796,0.3027056157588959,0.2419484257698059,0.746479868888855
d14c1abdd4.jpg,0.04694592207670212,0.39687275886535645,0.4101264476776123,0.8546608686447144
d1d9748a64.jpg,0.0617736391723156,0.47566574811935425,0.4773579239845276,0.7558282017707825
d239dae42d.jpg,0.07105304300785065,0.4786090850830078,0.6049038767814636,0.6765775084495544
d4116437bb.jpg,0.046423427760601044,0.37755170464515686,0.318093478679657,0.8552069664001465
d50049fbfc.jpg,0.053257282823324203,0.33868715167045593,0.31665533781051636,0.6158801317214966
d5b0c260a0.jpg,0.030234135687351227,0.4049968123435974,0.3315783143043518,0.8332270979881287
d6d6e625bd.jpg,0.03696047514677048,0.5171229839324951,0.30016979575157166,0.6693891286849976
d729785cb8.jpg,0.03934718295931816,0.46651989221572876,0.32134848833084106,0.6735903024673462
d754850d01.jpg,0.04584042355418205,0.35787612199783325,0.3563435971736908,0.8537553548812866
d7948c7635.jpg,0.04505157470703125,0.4414519667625427,0.4389112889766693,0.7322938442230225
d88482796d.jpg,0.038551706820726395,0.4340209364891052,0.35040390491485596,0.7390676736831665
d9e8704878.jpg,0.048468854278326035,0.38443541526794434,0.3295689821243286,0.8075671195983887
da72006ef5.jpg,0.056172650307416916,0.4457605183124542,0.4368405044078827,0.7603973150253296
dc33f0edbe.jpg,0.05442647263407707,0.6612622141838074,0.5755158066749573,0.6609329581260681
dcab49d080.jpg,0.035700928419828415,0.5914084911346436,0.3339524269104004,0.6608926653862
dcf5ea1040.jpg,0.03285592794418335,0.5618331432342529,0.316629022359848,0.7033635377883911
dd46691bd7.jpg,0.04098021984100342,0.4143463373184204,0.3724924921989441,0.8195059895515442
de6f71b00f.jpg,0.03402138501405716,0.29396048188209534,0.24616938829421997,0.7572802305221558
df64ac2dcb.jpg,0.03786122053861618,0.3946549594402313,0.2558155655860901,0.7394691109657288
e2253b87a0.jpg,0.043467871844768524,0.4365309476852417,0.39077913761138916,0.6362148523330688
e291f8144f.jpg,0.05039039999246597,0.38854050636291504,0.36323633790016174,0.653419554233551
e3112413b1.jpg,0.05312558263540268,0.4001041352748871,0.5307197570800781,0.8496853113174438
e37407c747.jpg,0.04712594673037529,0.5865837931632996,0.4979795217514038,0.6963467597961426
e510a74d3c.jpg,0.036345966160297394,0.5009974837303162,0.3098297119140625,0.6800364255905151
e568f84fad.jpg,0.041611626744270325,0.5776252150535583,0.40968528389930725,0.7383274435997009
e753318d04.jpg,0.050026070326566696,0.4448550045490265,0.4342774748802185,0.7880139350891113
e88d9de918.jpg,0.03282826393842697,0.30320632457733154,0.20643584430217743,0.728233814239502
e9580cd500.jpg,0.04375520348548889,0.32024478912353516,0.2320476919412613,0.7215590476989746
e9f5563817.jpg,0.06647714972496033,0.28551238775253296,0.3045511543750763,0.746633768081665
e9f686534b.jpg,0.03370516002178192,0.35656076669692993,0.25696849822998047,0.7829128503799438
eb3cc5c559.jpg,0.04612492769956589,0.3923877775669098,0.41236457228660583,0.7389480471611023
ec3398cef9.jpg,0.052690863609313965,0.36263900995254517,0.3306496739387512,0.7605814933776855
ec78d80dbd.jpg,0.05708494782447815,0.4824416935443878,0.3577556908130646,0.7087091207504272
ed597655a0.jpg,0.05341501533985138,0.49366411566734314,0.4884733259677887,0.6564880013465881
ede9769cb3.jpg,0.030681541189551353,0.7579983472824097,0.36536431312561035,0.7079792022705078
ee7adac58f.jpg,0.03718720003962517,0.4208996295928955,0.2936531603336334,0.7594533562660217
f04c9d8e34.jpg,0.045010045170784,0.3999254107475281,0.35106807947158813,0.731478750705719
f0884db067.jpg,0.0573342889547348,0.4215097427368164,0.44485777616500854,0.6974022388458252
f0d789c4bc.jpg,0.05480954796075821,0.3113122880458832,0.37468457221984863,0.672876238822937
f4413e97bd.jpg,0.05412804335355759,0.46244606375694275,0.41912591457366943,0.6832401752471924
f486c1655f.jpg,0.0747678279876709,0.5291653871536255,0.5402727127075195,0.7003130912780762
f7836c88eb.jpg,0.045467399060726166,0.3668682873249054,0.31453296542167664,0.694124162197113
f821791c85.jpg,0.029794838279485703,0.5000247359275818,0.25315964221954346,0.6766636371612549
f84fb4516a.jpg,0.04127445071935654,0.5188770890235901,0.38741597533226013,0.679224967956543
f96a8de9f3.jpg,0.03154563158750534,0.5244455933570862,0.3571147918701172,0.578702449798584
fb3b06dcb2.jpg,0.034972064197063446,0.5254251956939697,0.34758293628692627,0.689948320388794
fb806a2a1c.jpg,0.05059976130723953,0.4062829911708832,0.4601588249206543,0.8484586477279663
fb93438ff9.jpg,0.023954976350069046,0.376280814409256,0.21932804584503174,0.7084105014801025
fba982625d.jpg,0.0544188916683197,0.37388119101524353,0.4439559578895569,0.8028392791748047
fc11d52502.jpg,0.05090285465121269,0.3403559923171997,0.3485494554042816,0.6975612640380859
fd63a333f1.jpg,0.043919242918491364,0.24137753248214722,0.27548715472221375,0.764006495475769
fdf1530d95.jpg,0.024310071021318436,0.38024038076400757,0.2531626224517822,0.7423478960990906
ffd74c77ea.jpg,0.033653486520051956,0.3944028615951538,0.2812591791152954,0.6073576211929321
