sample_id,source_image,direction,blinded_item,rater1_style,rater1_content,rater1_artifacts,rater2_style,rater2_content,rater2_artifacts
sample_01,15a51e4dbe.jpg,B2A,S02,4,4,3,5,4,5
sample_02,a01ee31b6c.jpg,B2A,S28,5,5,5,5,5,5
sample_03,ca62c55ebe.jpg,B2A,S01,5,4,5,5,4,5
sample_04,c8c45ad5f1.jpg,B2A,S26,3,5,5,4,4,4
sample_05,1d3fb25bad.jpg,B2A,S60,5,5,5,5,4,4
sample_06,816941fe05.jpg,B2A,S03,4,4,4,5,5,4
sample_07,db59f96bfc.jpg,B2A,S13,4,5,5,5,5,5
sample_08,37c5732454.jpg,B2A,S41,5,5,5,4,4,4
sample_09,a283654df3.jpg,B2A,S06,5,5,5,5,4,4
sample_10,6edee61a9e.jpg,B2A,S57,5,5,5,5,5,5
sample_11,7913d3ab4b.jpg,B2A,S40,5,5,5,5,5,5
sample_12,afb5f05573.jpg,B2A,S12,5,5,5,5,5,4
sample_13,10e79c0f04.jpg,B2A,S55,5,5,5,5,5,5
sample_14,1f63ea8e1d.jpg,B2A,S52,5,5,4,4,4,5
sample_15,19b944dbbf.jpg,B2A,S19,5,4,4,5,4,5
sample_16,2a4edec63e.jpg,B2A,S07,5,5,5,4,4,4
sample_17,ed0ddbf26a.jpg,B2A,S15,5,5,5,5,5,5
sample_18,99fcebb45b.jpg,B2A,S24,5,5,5,5,5,4
sample_19,f6e8f07d9d.jpg,B2A,S21,4,4,4,4,4,4
sample_20,08b790bca7.jpg,B2A,S49,5,5,5,5,5,5
sample_21,f84fb4516a.jpg,A2B,S29,5,5,5,5,5,5
sample_22,8b7948248f.jpg,A2B,S59,5,5,5,5,5,5
sample_23,586acab7c5.jpg,A2B,S22,5,5,4,5,5,5
sample_24,4260d1c556.jpg,A2B,S10,3,4,5,4,4,5
sample_25,28deb43a71.jpg,A2B,S42,5,5,5,5,5,5
sample_26,118da0690c.jpg,A2B,S35,5,5,5,4,4,5
sample_27,6f0b9df5c5.jpg,A2B,S45,5,5,5,4,4,5
sample_28,4e05523825.jpg,A2B,S16,3,5,5,5,4,3
sample_29,732d76a469.jpg,A2B,S53,5,5,5,5,5,5
sample_30,d1d9748a64.jpg,A2B,S09,5,5,5,5,4,4
