snapshot,FID_B2A,MiFID_B2A,FID_A2B,MiFID_A2B,FID,MiFID,score
epoch_045,99.1049652063275,0.39883291721343994,103.92271479482693,0.4125780761241913,101.51384000057722,0.4057054966688156,-50.95977274862302
epoch_050,99.37030598276155,0.3994707763195038,103.73960552610157,0.41402775049209595,101.55495575443156,0.40674926340579987,-50.98085250891868
epoch_055,99.19642736998557,0.3999253809452057,102.16219396138601,0.41089025139808655,100.67931066568579,0.4054078161716461,-50.54235924092872
epoch_060,99.58291577616464,0.4001077711582184,102.95416944783724,0.41115716099739075,101.26854261200094,0.40563246607780457,-50.83708753903937
epoch_065,99.86524437300444,0.40061673521995544,100.80747565555129,0.4118848741054535,100.33636001427786,0.40625080466270447,-50.37130540947028
epoch_070,99.00211891083401,0.3968660235404968,100.82633198851504,0.40983256697654724,99.91422544967452,0.40334929525852203,-50.15878737246652
epoch_075,99.51025035966009,0.3960379660129547,100.43126371932188,0.4093991219997406,99.97075703949099,0.40271854400634766,-50.18673779174867
epoch_080,100.17858207318605,0.3967705965042114,100.43768880705562,0.41062042117118835,100.30813544012084,0.4036955088376999,-50.35591547447927
epoch_avg045-080,99.24991816429787,0.401058554649353,100.51226255708329,0.4102046489715576,99.88109036069058,0.4056316018104553,-50.14336098125052
epoch_avg055-080,98.30544655962669,0.3989622890949249,99.8088723770295,0.4094618856906891,99.0571594683281,0.404212087392807,-49.73068577786045
epoch_avg065-080,98.88987914532083,0.39746901392936707,100.03255210401315,0.4109248220920563,99.46121562466699,0.40419691801071167,-49.93270627133885
epoch_avg070-080,99.07309871761846,0.3966042101383209,100.02063945451046,0.4101799726486206,99.54686908606446,0.40339209139347076,-49.975130588728966
final,100.17858207318605,0.3967705965042114,100.43768880705562,0.41062042117118835,100.30813544012084,0.4036955088376999,-50.35591547447927
