item,style,content,artifacts,notes
S01,5,4,5,
S02,4,4,3,
S03,4,4,4,
S04,5,5,4,
S05,5,5,4,
S06,5,5,5,
S07,5,5,5,
S08,3,5,4,
S09,5,5,5,
S10,3,4,5,
S11,4,5,3,
S12,5,5,5,
S13,4,5,5,
S14,4,4,4,
S15,5,5,5,
S16,3,5,5,
S17,5,5,5,
S18,3,4,5,
S19,5,4,4,
S20,5,5,5,
S21,4,4,4,
S22,5,5,4,
S23,5,5,3,
S24,5,5,5,
S25,5,5,5,
S26,3,5,5,
S27,5,4,4,
S28,5,5,5,
S29,5,5,5,
S30,5,5,5,
S31,5,5,4,
S32,3,5,5,
S33,5,5,5,
S34,5,5,4,
S35,5,5,5,
S36,5,5,4,
S37,5,4,3,
S38,5,5,5,
S39,5,5,5,
S40,5,5,5,
S41,5,5,5,
S42,5,5,5,
S43,5,5,4,
S44,5,5,4,
S45,5,5,5,
S46,5,4,3,
S47,5,4,3,
S48,5,5,3,
S49,5,5,5,
S50,5,5,3,
S51,5,5,3,
S52,5,5,4,
S53,5,5,5,
S54,5,5,5,
S55,5,5,5,
S56,5,5,5,
S57,5,5,5,
S58,5,4,3,
S59,5,5,5,
S60,5,5,5,
