model,slice,n,n_pos,macro_f1,error_rate,eval_set,note
Baseline (fastText bigram),C: short (<=60 words),1512,873,0.9247060259135953,0.07341269841269842,test5k,
Baseline (fastText bigram),C: medium (61-180 words),2328,1158,0.9312696514769054,0.06872852233676977,test5k,
Baseline (fastText bigram),C: long (>180 words),1160,469,0.9259245414673046,0.0706896551724138,test5k,
Baseline (fastText bigram),C: truncated (>256 cleaned tokens),104,37,,,test5k,n < 150: not reported
Baseline (fastText bigram),C: negation,3688,1523,0.927794376360165,0.06968546637744034,test5k,
Baseline (fastText bigram),C: contrast,2919,1333,0.9221396709564583,0.07708119218910586,test5k,
Baseline (fastText bigram),C: no strong polarity words,1918,740,0.8932879823796631,0.10114702815432743,test5k,
Baseline (fastText bigram),C: explicit rating mention,470,198,0.9148530948786436,0.08297872340425531,test5k,
Baseline (fastText bigram),A: Short Reviews (<50 words),1199,712,0.9219915680627364,0.0750625521267723,test5k,
Baseline (fastText bigram),A: Medium Reviews (50-150 words),2255,1143,0.9330287909032209,0.06696230598669622,test5k,
Baseline (fastText bigram),A: Long Reviews (>150 words),1546,645,0.9250980656793482,0.0724450194049159,test5k,
Baseline (fastText bigram),A: Negation-Bearing,3765,1561,0.9282824745011287,0.06932270916334661,test5k,
Baseline (fastText bigram),A: Strong Sentiment Cues,1133,468,0.9580805091016724,0.04060017652250662,test5k,
Baseline (fastText bigram),A: Mixed Sentiment,2338,1121,0.923253155728964,0.07656116338751069,test5k,
Baseline (fastText bigram),A: High Unknown Token (>5% UNK),509,306,0.9009888150429568,0.09430255402750491,test5k,
Baseline (fastText bigram),C: short (<=60 words),10058,5988,0.9237923578894609,0.07347385166036985,test33k,
Baseline (fastText bigram),C: medium (61-180 words),15078,7477,0.9271702637130134,0.07282132908873856,test33k,
Baseline (fastText bigram),C: long (>180 words),7864,3035,0.9200253778216114,0.07515259409969481,test33k,
Baseline (fastText bigram),C: truncated (>256 cleaned tokens),745,210,0.8999516544907606,0.08053691275167785,test33k,
Baseline (fastText bigram),C: negation,24223,9904,0.9211203806393028,0.07587829748586054,test33k,
Baseline (fastText bigram),C: contrast,19414,8722,0.9171723500251899,0.0817966415988462,test33k,
Baseline (fastText bigram),C: no strong polarity words,12785,5177,0.8946071701976377,0.10113414157215488,test33k,
Baseline (fastText bigram),C: explicit rating mention,2962,1150,0.9193096797510217,0.07596218771100607,test33k,
Baseline (fastText bigram),A: Short Reviews (<50 words),7923,4761,0.9224206775961508,0.07446674239555724,test33k,
Baseline (fastText bigram),A: Medium Reviews (50-150 words),14941,7636,0.9278829756655047,0.07208352854561274,test33k,
Baseline (fastText bigram),A: Long Reviews (>150 words),10136,4103,0.9215638525533076,0.07507892659826361,test33k,
Baseline (fastText bigram),A: Negation-Bearing,24657,10204,0.9213787399494779,0.07592164496897433,test33k,
Baseline (fastText bigram),A: Strong Sentiment Cues,7539,3123,0.9567277365602859,0.041915373391696514,test33k,
Baseline (fastText bigram),A: Mixed Sentiment,15382,7403,0.9183547373394556,0.08145884800416071,test33k,
Baseline (fastText bigram),A: High Unknown Token (>5% UNK),3673,2205,0.8837594328615552,0.11080860332153553,test33k,
Exp 1 (HAN),C: short (<=60 words),1512,873,0.9287759704588063,0.06944444444444445,test5k,
Exp 1 (HAN),C: medium (61-180 words),2328,1158,0.9303875039500535,0.06958762886597938,test5k,
Exp 1 (HAN),C: long (>180 words),1160,469,0.9199874922976465,0.07758620689655173,test5k,
Exp 1 (HAN),C: truncated (>256 cleaned tokens),104,37,,,test5k,n < 150: not reported
Exp 1 (HAN),C: negation,3688,1523,0.9243769140676357,0.0737527114967462,test5k,
Exp 1 (HAN),C: contrast,2919,1333,0.9222291541114591,0.07742377526550188,test5k,
Exp 1 (HAN),C: no strong polarity words,1918,740,0.8902601600897143,0.10427528675703858,test5k,
Exp 1 (HAN),C: explicit rating mention,470,198,0.9221352968246663,0.07659574468085106,test5k,
Exp 1 (HAN),A: Short Reviews (<50 words),1199,712,0.9256070391725683,0.07172643869891576,test5k,
Exp 1 (HAN),A: Medium Reviews (50-150 words),2255,1143,0.9343065635959076,0.06563192904656319,test5k,
Exp 1 (HAN),A: Long Reviews (>150 words),1546,645,0.9188708007326278,0.0795601552393273,test5k,
Exp 1 (HAN),A: Negation-Bearing,3765,1561,0.9257274371198422,0.07250996015936255,test5k,
Exp 1 (HAN),A: Strong Sentiment Cues,1133,468,0.9556575253293718,0.04324801412180053,test5k,
Exp 1 (HAN),A: Mixed Sentiment,2338,1121,0.9212836097058272,0.07869974337040206,test5k,
Exp 1 (HAN),A: High Unknown Token (>5% UNK),509,306,0.904401437203985,0.09037328094302555,test5k,
Exp 1 (HAN),C: short (<=60 words),10058,5988,0.9207584370400075,0.07615828196460529,test33k,
Exp 1 (HAN),C: medium (61-180 words),15078,7477,0.9224609829265343,0.07753017641597029,test33k,
Exp 1 (HAN),C: long (>180 words),7864,3035,0.9158065467015353,0.0806205493387589,test33k,
Exp 1 (HAN),C: truncated (>256 cleaned tokens),745,210,0.8781865477517652,0.10335570469798658,test33k,
Exp 1 (HAN),C: negation,24223,9904,0.9165735515269599,0.08103868224414812,test33k,
Exp 1 (HAN),C: contrast,19414,8722,0.9124608227383878,0.08694756361388689,test33k,
Exp 1 (HAN),C: no strong polarity words,12785,5177,0.8897410158105103,0.1066875244427063,test33k,
Exp 1 (HAN),C: explicit rating mention,2962,1150,0.8986211012943461,0.09689399054692775,test33k,
Exp 1 (HAN),A: Short Reviews (<50 words),7923,4761,0.9203754418583849,0.07623374984223148,test33k,
Exp 1 (HAN),A: Medium Reviews (50-150 words),14941,7636,0.923099810336977,0.07676862325145573,test33k,
Exp 1 (HAN),A: Long Reviews (>150 words),10136,4103,0.9168818124600211,0.08070244672454617,test33k,
Exp 1 (HAN),A: Negation-Bearing,24657,10204,0.9170235978763143,0.08086952995092671,test33k,
Exp 1 (HAN),A: Strong Sentiment Cues,7539,3123,0.9567508082291954,0.04218066056506168,test33k,
Exp 1 (HAN),A: Mixed Sentiment,15382,7403,0.9113685390325141,0.08861006371083084,test33k,
Exp 1 (HAN),A: High Unknown Token (>5% UNK),3673,2205,0.8750371354625458,0.11788728559760414,test33k,
Exp 2 (Transformer),C: short (<=60 words),1512,873,0.9065645756041454,0.09060846560846561,test5k,
Exp 2 (Transformer),C: medium (61-180 words),2328,1158,0.9179551902132548,0.0820446735395189,test5k,
Exp 2 (Transformer),C: long (>180 words),1160,469,0.9034879313691957,0.09310344827586207,test5k,
Exp 2 (Transformer),C: truncated (>256 cleaned tokens),104,37,,,test5k,n < 150: not reported
Exp 2 (Transformer),C: negation,3688,1523,0.9064966399169316,0.0908351409978308,test5k,
Exp 2 (Transformer),C: contrast,2919,1333,0.9055406746031747,0.09386776293251113,test5k,
Exp 2 (Transformer),C: no strong polarity words,1918,740,0.8736748661263996,0.11991657977059438,test5k,
Exp 2 (Transformer),C: explicit rating mention,470,198,0.89594287928267,0.10212765957446808,test5k,
Exp 2 (Transformer),A: Short Reviews (<50 words),1199,712,0.9066346844509521,0.08924103419516263,test5k,
Exp 2 (Transformer),A: Medium Reviews (50-150 words),2255,1143,0.9188214638752416,0.0811529933481153,test5k,
Exp 2 (Transformer),A: Long Reviews (>150 words),1546,645,0.9031502887693192,0.0944372574385511,test5k,
Exp 2 (Transformer),A: Negation-Bearing,3765,1561,0.9071690632581809,0.0903054448871182,test5k,
Exp 2 (Transformer),A: Strong Sentiment Cues,1133,468,0.9465465609544486,0.05207413945278023,test5k,
Exp 2 (Transformer),A: Mixed Sentiment,2338,1121,0.898145158397015,0.10179640718562874,test5k,
Exp 2 (Transformer),A: High Unknown Token (>5% UNK),509,306,0.8789843903718764,0.11394891944990176,test5k,
Exp 2 (Transformer),C: short (<=60 words),10058,5988,0.904377711815302,0.09137005368860608,test33k,
Exp 2 (Transformer),C: medium (61-180 words),15078,7477,0.9123886300645994,0.08761108900384666,test33k,
Exp 2 (Transformer),C: long (>180 words),7864,3035,0.9062585008785387,0.0892675483214649,test33k,
Exp 2 (Transformer),C: truncated (>256 cleaned tokens),745,210,0.8801534036433365,0.10067114093959731,test33k,
Exp 2 (Transformer),C: negation,24223,9904,0.9023811748635175,0.09462081492796102,test33k,
Exp 2 (Transformer),C: contrast,19414,8722,0.8996514168538348,0.09956732255073658,test33k,
Exp 2 (Transformer),C: no strong polarity words,12785,5177,0.8723376781753243,0.12342588971450918,test33k,
Exp 2 (Transformer),C: explicit rating mention,2962,1150,0.8989915427238959,0.0962187711006077,test33k,
Exp 2 (Transformer),A: Short Reviews (<50 words),7923,4761,0.9020817589713375,0.09302032058563675,test33k,
Exp 2 (Transformer),A: Medium Reviews (50-150 words),14941,7636,0.9127705531424279,0.08714276152867947,test33k,
Exp 2 (Transformer),A: Long Reviews (>150 words),10136,4103,0.9077828801355714,0.08908839779005524,test33k,
Exp 2 (Transformer),A: Negation-Bearing,24657,10204,0.9028823360468374,0.09445593543415663,test33k,
Exp 2 (Transformer),A: Strong Sentiment Cues,7539,3123,0.9496617916128228,0.04894548348587346,test33k,
Exp 2 (Transformer),A: Mixed Sentiment,15382,7403,0.8978009251158192,0.10213236250162527,test33k,
Exp 2 (Transformer),A: High Unknown Token (>5% UNK),3673,2205,0.8605280335410822,0.13177239313912334,test33k,
Reference: TF-IDF + LR (uncounted),C: short (<=60 words),1512,873,0.9298190272200474,0.06812169312169312,test5k,
Reference: TF-IDF + LR (uncounted),C: medium (61-180 words),2328,1158,0.9381414079384012,0.061855670103092786,test5k,
Reference: TF-IDF + LR (uncounted),C: long (>180 words),1160,469,0.9301055832105083,0.06724137931034482,test5k,
Reference: TF-IDF + LR (uncounted),C: truncated (>256 cleaned tokens),104,37,,,test5k,n < 150: not reported
Reference: TF-IDF + LR (uncounted),C: negation,3688,1523,0.9329902279823227,0.06480477223427332,test5k,
Reference: TF-IDF + LR (uncounted),C: contrast,2919,1333,0.9285093547416521,0.07091469681397738,test5k,
Reference: TF-IDF + LR (uncounted),C: no strong polarity words,1918,740,0.9037149422992464,0.09124087591240876,test5k,
Reference: TF-IDF + LR (uncounted),C: explicit rating mention,470,198,0.9214572192513368,0.07659574468085106,test5k,
Reference: TF-IDF + LR (uncounted),A: Short Reviews (<50 words),1199,712,0.9285786928879436,0.06839032527105922,test5k,
Reference: TF-IDF + LR (uncounted),A: Medium Reviews (50-150 words),2255,1143,0.9396809312439716,0.06031042128603104,test5k,
Reference: TF-IDF + LR (uncounted),A: Long Reviews (>150 words),1546,645,0.9288221897217249,0.06921086675291074,test5k,
Reference: TF-IDF + LR (uncounted),A: Negation-Bearing,3765,1561,0.9341895201981947,0.06374501992031872,test5k,
Reference: TF-IDF + LR (uncounted),A: Strong Sentiment Cues,1133,468,0.9654369075448916,0.03353927625772286,test5k,
Reference: TF-IDF + LR (uncounted),A: Mixed Sentiment,2338,1121,0.9293334571651061,0.07057313943541488,test5k,
Reference: TF-IDF + LR (uncounted),A: High Unknown Token (>5% UNK),509,306,0.9031382980877072,0.09233791748526522,test5k,
Reference: TF-IDF + LR (uncounted),C: short (<=60 words),10058,5988,0.9292549198636815,0.06810499105189899,test33k,
Reference: TF-IDF + LR (uncounted),C: medium (61-180 words),15078,7477,0.9314155428245525,0.06857673431489587,test33k,
Reference: TF-IDF + LR (uncounted),C: long (>180 words),7864,3035,0.9291337532520915,0.06675991861648016,test33k,
Reference: TF-IDF + LR (uncounted),C: truncated (>256 cleaned tokens),745,210,0.9301712133114333,0.056375838926174496,test33k,
Reference: TF-IDF + LR (uncounted),C: negation,24223,9904,0.9272144535170064,0.07001610040044585,test33k,
Reference: TF-IDF + LR (uncounted),C: contrast,19414,8722,0.9233181271036921,0.07577006284124858,test33k,
Reference: TF-IDF + LR (uncounted),C: no strong polarity words,12785,5177,0.9014604919147804,0.09456394211967149,test33k,
Reference: TF-IDF + LR (uncounted),C: explicit rating mention,2962,1150,0.93307564539688,0.06313301823092506,test33k,
Reference: TF-IDF + LR (uncounted),A: Short Reviews (<50 words),7923,4761,0.9273091527359174,0.06967057932601288,test33k,
Reference: TF-IDF + LR (uncounted),A: Medium Reviews (50-150 words),14941,7636,0.9325666462384519,0.06739843383976976,test33k,
Reference: TF-IDF + LR (uncounted),A: Long Reviews (>150 words),10136,4103,0.9294926488970912,0.06758089976322021,test33k,
Reference: TF-IDF + LR (uncounted),A: Negation-Bearing,24657,10204,0.9273061878227367,0.07020318773573428,test33k,
Reference: TF-IDF + LR (uncounted),A: Strong Sentiment Cues,7539,3123,0.9603111066381209,0.03846664013794933,test33k,
Reference: TF-IDF + LR (uncounted),A: Mixed Sentiment,15382,7403,0.9264069058786799,0.07346248862306592,test33k,
Reference: TF-IDF + LR (uncounted),A: High Unknown Token (>5% UNK),3673,2205,0.8926216758515593,0.10291315001361286,test33k,
Aswin baseline (mean-pool FFN),C: short (<=60 words),1512,873,0.9130420717208806,0.08465608465608465,test5k,
Aswin baseline (mean-pool FFN),C: medium (61-180 words),2328,1158,0.9153776165182443,0.08462199312714777,test5k,
Aswin baseline (mean-pool FFN),C: long (>180 words),1160,469,0.9150183150183151,0.08103448275862069,test5k,
Aswin baseline (mean-pool FFN),C: truncated (>256 cleaned tokens),104,37,,,test5k,n < 150: not reported
Aswin baseline (mean-pool FFN),C: negation,3688,1523,0.9119351227703014,0.0851409978308026,test5k,
Aswin baseline (mean-pool FFN),C: contrast,2919,1333,0.9063943158481409,0.09284001370332305,test5k,
Aswin baseline (mean-pool FFN),C: no strong polarity words,1918,740,0.8722566717192596,0.12095933263816476,test5k,
Aswin baseline (mean-pool FFN),C: explicit rating mention,470,198,0.8927135596457637,0.10425531914893617,test5k,
Aswin baseline (mean-pool FFN),A: Short Reviews (<50 words),1199,712,0.9141617462550033,0.08256880733944955,test5k,
Aswin baseline (mean-pool FFN),A: Medium Reviews (50-150 words),2255,1143,0.9188263182400163,0.0811529933481153,test5k,
Aswin baseline (mean-pool FFN),A: Long Reviews (>150 words),1546,645,0.9084010336140813,0.08861578266494179,test5k,
Aswin baseline (mean-pool FFN),A: Negation-Bearing,3765,1561,0.9127841415698985,0.08446215139442231,test5k,
Aswin baseline (mean-pool FFN),A: Strong Sentiment Cues,1133,468,0.9545222467695944,0.0441306266548985,test5k,
Aswin baseline (mean-pool FFN),A: Mixed Sentiment,2338,1121,0.9065870221346406,0.0932420872540633,test5k,
Aswin baseline (mean-pool FFN),A: High Unknown Token (>5% UNK),509,306,0.8879594981289897,0.10805500982318271,test5k,
Aswin exp 1 (BiGRU),C: short (<=60 words),1512,873,0.9147623249046561,0.08333333333333333,test5k,
Aswin exp 1 (BiGRU),C: medium (61-180 words),2328,1158,0.9256664235908664,0.0743127147766323,test5k,
Aswin exp 1 (BiGRU),C: long (>180 words),1160,469,0.9056789644701165,0.0896551724137931,test5k,
Aswin exp 1 (BiGRU),C: truncated (>256 cleaned tokens),104,37,,,test5k,n < 150: not reported
Aswin exp 1 (BiGRU),C: negation,3688,1523,0.9142854084767196,0.0824295010845987,test5k,
Aswin exp 1 (BiGRU),C: contrast,2919,1333,0.9091992108842504,0.08975676601575883,test5k,
Aswin exp 1 (BiGRU),C: no strong polarity words,1918,740,0.8809677414699129,0.11209593326381648,test5k,
Aswin exp 1 (BiGRU),C: explicit rating mention,470,198,0.8858882414462872,0.11063829787234042,test5k,
Aswin exp 1 (BiGRU),A: Short Reviews (<50 words),1199,712,0.9144451051408184,0.08256880733944955,test5k,
Aswin exp 1 (BiGRU),A: Medium Reviews (50-150 words),2255,1143,0.9223946784922394,0.07760532150776053,test5k,
Aswin exp 1 (BiGRU),A: Long Reviews (>150 words),1546,645,0.9134059401039734,0.08344113842173351,test5k,
Aswin exp 1 (BiGRU),A: Negation-Bearing,3765,1561,0.9156132329209252,0.08127490039840637,test5k,
Aswin exp 1 (BiGRU),A: Strong Sentiment Cues,1133,468,0.9479711227284042,0.05030891438658429,test5k,
Aswin exp 1 (BiGRU),A: Mixed Sentiment,2338,1121,0.9085349155636695,0.09110350727117195,test5k,
Aswin exp 1 (BiGRU),A: High Unknown Token (>5% UNK),509,306,0.8792369217901133,0.11591355599214145,test5k,
Aswin exp 2 (TextCNN),C: short (<=60 words),1512,873,0.9218215735229254,0.07605820105820106,test5k,
Aswin exp 2 (TextCNN),C: medium (61-180 words),2328,1158,0.9321281295969213,0.06786941580756013,test5k,
Aswin exp 2 (TextCNN),C: long (>180 words),1160,469,0.9097735791225489,0.08706896551724137,test5k,
Aswin exp 2 (TextCNN),C: truncated (>256 cleaned tokens),104,37,,,test5k,n < 150: not reported
Aswin exp 2 (TextCNN),C: negation,3688,1523,0.9240448975388734,0.0737527114967462,test5k,
Aswin exp 2 (TextCNN),C: contrast,2919,1333,0.9186584724204607,0.08084960602946215,test5k,
Aswin exp 2 (TextCNN),C: no strong polarity words,1918,740,0.8878149755979954,0.10688216892596454,test5k,
Aswin exp 2 (TextCNN),C: explicit rating mention,470,198,0.9112713475980643,0.08723404255319149,test5k,
Aswin exp 2 (TextCNN),A: Short Reviews (<50 words),1199,712,0.9149418863903545,0.0817347789824854,test5k,
Aswin exp 2 (TextCNN),A: Medium Reviews (50-150 words),2255,1143,0.9361164666535511,0.06385809312638581,test5k,
Aswin exp 2 (TextCNN),A: Long Reviews (>150 words),1546,645,0.91258128357365,0.08538163001293661,test5k,
Aswin exp 2 (TextCNN),A: Negation-Bearing,3765,1561,0.9246158756873613,0.07330677290836653,test5k,
Aswin exp 2 (TextCNN),A: Strong Sentiment Cues,1133,468,0.9591579250928228,0.03971756398940865,test5k,
Aswin exp 2 (TextCNN),A: Mixed Sentiment,2338,1121,0.9220936057275433,0.07784431137724551,test5k,
Aswin exp 2 (TextCNN),A: High Unknown Token (>5% UNK),509,306,0.899705240130772,0.0962671905697446,test5k,
